{
	"credit": "Made with Blockbench",
	"texture_size": [8, 8],
	"textures": {
		"0": "custom:easterbunny_weapon_set/items/texture_01",
		"1": "custom:easterbunny_weapon_set/items/texture_animation_01",
		"2": "custom:easterbunny_weapon_set/items/texture_animation_02",
		"particle": "custom:easterbunny_weapon_set/items/texture_01"
	},
	"elements": [
		{
			"from": [7.5, 6, 8],
			"to": [8.5, 13, 10],
			"rotation": {"angle": 0, "axis": "y", "origin": [-0.5, 0, 1]},
			"faces": {
				"north": {"uv": [8.625, 1.25, 8.875, 3], "texture": "#0"},
				"east": {"uv": [9.625, 1.25, 9.125, 3], "texture": "#0"},
				"south": {"uv": [8.875, 1.25, 9.125, 3], "texture": "#0"},
				"west": {"uv": [9.125, 1.25, 9.625, 3], "texture": "#0"},
				"up": {"uv": [0, 0, 0.5, 0.25], "rotation": 270, "texture": "#0"},
				"down": {"uv": [0, 0, 0.5, 0.25], "rotation": 270, "texture": "#0"}
			}
		},
		{
			"from": [6.5, 3, 2.8],
			"to": [9.5, 4.5, 8.3],
			"rotation": {"angle": -22.5, "axis": "x", "origin": [-0.5, 11.6, 17]},
			"faces": {
				"north": {"uv": [0.75, 12.5, 0, 12.125], "texture": "#0"},
				"east": {"uv": [1.375, 10.375, 0, 10], "texture": "#0"},
				"south": {"uv": [0.75, 12.5, 0, 12.125], "texture": "#0"},
				"west": {"uv": [1.375, 10.375, 0, 10], "texture": "#0"},
				"up": {"uv": [0.75, 11.75, 0, 10.375], "texture": "#0"},
				"down": {"uv": [0.75, 11.75, 0, 10.375], "texture": "#0"}
			}
		},
		{
			"from": [6.4, 10, 13],
			"to": [8, 12, 17],
			"rotation": {"angle": -22.5, "axis": "x", "origin": [-0.5, 3, 1]},
			"faces": {
				"north": {"uv": [2.5, 8.5, 2.875, 9], "texture": "#0"},
				"east": {"uv": [2.25, 8, 3.25, 8.5], "texture": "#0"},
				"south": {"uv": [2.5, 8.5, 2.875, 9], "texture": "#0"},
				"west": {"uv": [2.25, 8, 3.25, 8.5], "texture": "#0"},
				"up": {"uv": [1.5, 7.75, 1.875, 6.75], "texture": "#0"},
				"down": {"uv": [1.5, 7.75, 1.875, 6.75], "texture": "#0"}
			}
		},
		{
			"from": [8, 10, 13],
			"to": [9.6, 12, 17],
			"rotation": {"angle": -22.5, "axis": "x", "origin": [16.5, 3, 1]},
			"faces": {
				"north": {"uv": [2.875, 8.5, 2.5, 9], "texture": "#0"},
				"east": {"uv": [3.25, 8, 2.25, 8.5], "texture": "#0"},
				"south": {"uv": [2.875, 8.5, 2.5, 9], "texture": "#0"},
				"west": {"uv": [3.25, 8, 2.25, 8.5], "texture": "#0"},
				"up": {"uv": [1.875, 7.75, 1.5, 6.75], "texture": "#0"},
				"down": {"uv": [1.875, 7.75, 1.5, 6.75], "texture": "#0"}
			}
		},
		{
			"from": [8, 10, 1],
			"to": [9.6, 12, 5],
			"rotation": {"angle": 22.5, "axis": "x", "origin": [16.5, 3, 17]},
			"faces": {
				"north": {"uv": [2.5, 8.5, 2.875, 9], "texture": "#0"},
				"east": {"uv": [2.25, 8, 3.25, 8.5], "texture": "#0"},
				"south": {"uv": [2.5, 8.5, 2.875, 9], "texture": "#0"},
				"west": {"uv": [2.25, 8, 3.25, 8.5], "texture": "#0"},
				"up": {"uv": [1.875, 6.75, 1.5, 7.75], "texture": "#0"},
				"down": {"uv": [1.875, 6.75, 1.5, 7.75], "texture": "#0"}
			}
		},
		{
			"from": [6.4, 10, 1],
			"to": [8, 12, 5],
			"rotation": {"angle": 22.5, "axis": "x", "origin": [-0.5, 3, 17]},
			"faces": {
				"north": {"uv": [2.875, 8.5, 2.5, 9], "texture": "#0"},
				"east": {"uv": [3.25, 8, 2.25, 8.5], "texture": "#0"},
				"south": {"uv": [2.875, 8.5, 2.5, 9], "texture": "#0"},
				"west": {"uv": [3.25, 8, 2.25, 8.5], "texture": "#0"},
				"up": {"uv": [1.5, 6.75, 1.875, 7.75], "texture": "#0"},
				"down": {"uv": [1.5, 6.75, 1.875, 7.75], "texture": "#0"}
			}
		},
		{
			"from": [6.4, 7, 1],
			"to": [8, 9, 5],
			"rotation": {"angle": -22.5, "axis": "x", "origin": [-0.5, 16, 17]},
			"faces": {
				"north": {"uv": [2.875, 9, 2.5, 8.5], "texture": "#0"},
				"east": {"uv": [3.25, 8.5, 2.25, 8], "texture": "#0"},
				"south": {"uv": [2.875, 9, 2.5, 8.5], "texture": "#0"},
				"west": {"uv": [3.25, 8.5, 2.25, 8], "texture": "#0"},
				"up": {"uv": [1.5, 7.75, 1.875, 6.75], "texture": "#0"},
				"down": {"uv": [1.5, 7.75, 1.875, 6.75], "texture": "#0"}
			}
		},
		{
			"from": [8, 7, 1],
			"to": [9.6, 9, 5],
			"rotation": {"angle": -22.5, "axis": "x", "origin": [16.5, 16, 17]},
			"faces": {
				"north": {"uv": [2.5, 9, 2.875, 8.5], "texture": "#0"},
				"east": {"uv": [2.25, 8.5, 3.25, 8], "texture": "#0"},
				"south": {"uv": [2.5, 9, 2.875, 8.5], "texture": "#0"},
				"west": {"uv": [2.25, 8.5, 3.25, 8], "texture": "#0"},
				"up": {"uv": [1.875, 7.75, 1.5, 6.75], "texture": "#0"},
				"down": {"uv": [1.875, 7.75, 1.5, 6.75], "texture": "#0"}
			}
		},
		{
			"from": [6.4, 7, 13],
			"to": [8, 9, 17],
			"rotation": {"angle": 22.5, "axis": "x", "origin": [-0.5, 16, 1]},
			"faces": {
				"north": {"uv": [2.5, 9, 2.875, 8.5], "texture": "#0"},
				"east": {"uv": [2.25, 8.5, 3.25, 8], "texture": "#0"},
				"south": {"uv": [2.5, 9, 2.875, 8.5], "texture": "#0"},
				"west": {"uv": [2.25, 8.5, 3.25, 8], "texture": "#0"},
				"up": {"uv": [1.5, 6.75, 1.875, 7.75], "texture": "#0"},
				"down": {"uv": [1.5, 6.75, 1.875, 7.75], "texture": "#0"}
			}
		},
		{
			"from": [8, 7, 13],
			"to": [9.6, 9, 17],
			"rotation": {"angle": 22.5, "axis": "x", "origin": [16.5, 16, 1]},
			"faces": {
				"north": {"uv": [2.875, 9, 2.5, 8.5], "texture": "#0"},
				"east": {"uv": [3.25, 8.5, 2.25, 8], "texture": "#0"},
				"south": {"uv": [2.875, 9, 2.5, 8.5], "texture": "#0"},
				"west": {"uv": [3.25, 8.5, 2.25, 8], "texture": "#0"},
				"up": {"uv": [1.875, 6.75, 1.5, 7.75], "texture": "#0"},
				"down": {"uv": [1.875, 6.75, 1.5, 7.75], "texture": "#0"}
			}
		},
		{
			"from": [5.5, 14, 7.75],
			"to": [10.5, 16.5, 10.25],
			"rotation": {"angle": 0, "axis": "y", "origin": [0, 3, 1]},
			"faces": {
				"north": {"uv": [4.625, 0.75, 5.875, 0.125], "texture": "#0"},
				"east": {"uv": [4, 1.5, 4.625, 2.125], "texture": "#0"},
				"south": {"uv": [4.625, 0.75, 5.875, 0.125], "texture": "#0"},
				"west": {"uv": [4, 1.5, 4.625, 2.125], "texture": "#0"},
				"up": {"uv": [4, 0.875, 5.25, 1.5], "texture": "#0"},
				"down": {"uv": [4, 0.875, 5.25, 1.5], "texture": "#0"}
			}
		},
		{
			"from": [6.85, 15, 4.5],
			"to": [9.15, 17.5, 9.5],
			"rotation": {"angle": 0, "axis": "y", "origin": [0, 3, 1]},
			"faces": {
				"north": {"uv": [4, 1.5, 4.625, 2.125], "texture": "#0"},
				"east": {"uv": [4.625, 0.75, 5.875, 0.125], "texture": "#0"},
				"south": {"uv": [4, 1.5, 4.625, 2.125], "texture": "#0"},
				"west": {"uv": [4.625, 0.75, 5.875, 0.125], "texture": "#0"},
				"up": {"uv": [4, 0.875, 5.25, 1.5], "rotation": 90, "texture": "#0"},
				"down": {"uv": [4, 0.875, 5.25, 1.5], "rotation": 270, "texture": "#0"}
			}
		},
		{
			"from": [6.85, 1.5, 4.5],
			"to": [9.15, 4, 9.5],
			"rotation": {"angle": 0, "axis": "y", "origin": [0, 13, 1]},
			"faces": {
				"north": {"uv": [4, 2.125, 4.625, 1.5], "texture": "#0"},
				"east": {"uv": [4.625, 0.125, 5.875, 0.75], "texture": "#0"},
				"south": {"uv": [4, 2.125, 4.625, 1.5], "texture": "#0"},
				"west": {"uv": [4.625, 0.125, 5.875, 0.75], "texture": "#0"},
				"up": {"uv": [5.25, 0.875, 4, 1.5], "rotation": 270, "texture": "#0"},
				"down": {"uv": [5.25, 0.875, 4, 1.5], "rotation": 90, "texture": "#0"}
			}
		},
		{
			"from": [5.5, 2.5, 7.75],
			"to": [10.5, 5, 10.25],
			"rotation": {"angle": 0, "axis": "y", "origin": [0, 16, 1]},
			"faces": {
				"north": {"uv": [4.625, 0.125, 5.875, 0.75], "texture": "#0"},
				"east": {"uv": [4, 2.125, 4.625, 1.5], "texture": "#0"},
				"south": {"uv": [4.625, 0.125, 5.875, 0.75], "texture": "#0"},
				"west": {"uv": [4, 2.125, 4.625, 1.5], "texture": "#0"},
				"up": {"uv": [4, 1.5, 5.25, 0.875], "texture": "#0"},
				"down": {"uv": [4, 1.5, 5.25, 0.875], "texture": "#0"}
			}
		},
		{
			"from": [5.6, 16.5, 6],
			"to": [10.4, 20.5, 8.1],
			"rotation": {"angle": 22.5, "axis": "x", "origin": [8, 21, 9]},
			"faces": {
				"north": {"uv": [0.5, 5.75, 1.75, 6.75], "texture": "#0"},
				"east": {"uv": [0.5, 5.75, 0, 6.75], "texture": "#0"},
				"south": {"uv": [0.5, 5.75, 1.75, 6.75], "texture": "#0"},
				"west": {"uv": [0, 5.75, 0.5, 6.75], "texture": "#0"},
				"up": {"uv": [1.375, 8, 0.875, 6.75], "rotation": 90, "texture": "#0"},
				"down": {"uv": [1.375, 8, 0.875, 6.75], "rotation": 270, "texture": "#0"}
			}
		},
		{
			"from": [8.9, 20.5, 7],
			"to": [10.4, 24.5, 8.1],
			"rotation": {"angle": 22.5, "axis": "x", "origin": [8, 21, 9]},
			"faces": {
				"north": {"uv": [0, 7, 0.375, 8], "texture": "#0"},
				"east": {"uv": [0.375, 7, 0.625, 8], "texture": "#0"},
				"south": {"uv": [0, 7, 0.375, 8], "texture": "#0"},
				"west": {"uv": [0.625, 7, 0.375, 8], "texture": "#0"},
				"up": {"uv": [0.875, 7.375, 0.625, 7], "rotation": 90, "texture": "#0"},
				"down": {"uv": [0.875, 7.375, 0.625, 7], "rotation": 270, "texture": "#0"}
			}
		},
		{
			"from": [5.6, 20.5, 7],
			"to": [7.1, 24.5, 8.1],
			"rotation": {"angle": 22.5, "axis": "x", "origin": [8, 21, 9]},
			"faces": {
				"north": {"uv": [0.375, 7, 0, 8], "texture": "#0"},
				"east": {"uv": [0.375, 7, 0.625, 8], "texture": "#0"},
				"south": {"uv": [0.375, 7, 0, 8], "texture": "#0"},
				"west": {"uv": [0.625, 7, 0.375, 8], "texture": "#0"},
				"up": {"uv": [0.875, 7, 0.625, 7.375], "rotation": 90, "texture": "#0"},
				"down": {"uv": [0.875, 7, 0.625, 7.375], "rotation": 270, "texture": "#0"}
			}
		},
		{
			"from": [8.9, 20.5, 8.1],
			"to": [10.4, 24.5, 9.2],
			"rotation": {"angle": 22.5, "axis": "x", "origin": [8, 21, 9]},
			"faces": {
				"north": {"uv": [0.375, 7, 0, 8], "texture": "#0"},
				"east": {"uv": [0.625, 7, 0.375, 8], "texture": "#0"},
				"south": {"uv": [6.5, 2.625, 6.125, 3.625], "texture": "#0"},
				"west": {"uv": [0.375, 7, 0.625, 8], "texture": "#0"},
				"up": {"uv": [0.625, 7.375, 0.875, 7], "rotation": 90, "texture": "#0"},
				"down": {"uv": [0.625, 7.375, 0.875, 7], "rotation": 270, "texture": "#0"}
			}
		},
		{
			"from": [5.6, 20.5, 8.1],
			"to": [7.1, 24.5, 9.2],
			"rotation": {"angle": 22.5, "axis": "x", "origin": [8, 21, 9]},
			"faces": {
				"north": {"uv": [0, 7, 0.375, 8], "texture": "#0"},
				"east": {"uv": [0.625, 7, 0.375, 8], "texture": "#0"},
				"south": {"uv": [6.125, 2.625, 6.5, 3.625], "texture": "#0"},
				"west": {"uv": [0.375, 7, 0.625, 8], "texture": "#0"},
				"up": {"uv": [0.625, 7, 0.875, 7.375], "rotation": 90, "texture": "#0"},
				"down": {"uv": [0.625, 7, 0.875, 7.375], "rotation": 270, "texture": "#0"}
			}
		},
		{
			"from": [5.6, 16.5, 8.1],
			"to": [10.4, 20.5, 10.2],
			"rotation": {"angle": 22.5, "axis": "x", "origin": [8, 21, 9]},
			"faces": {
				"north": {"uv": [1.75, 5.75, 0.5, 6.75], "texture": "#0"},
				"east": {"uv": [0, 5.75, 0.5, 6.75], "texture": "#0"},
				"south": {"uv": [6, 5.75, 4.75, 6.75], "texture": "#0"},
				"west": {"uv": [0.5, 5.75, 0, 6.75], "texture": "#0"},
				"up": {"uv": [0.875, 8, 1.375, 6.75], "rotation": 90, "texture": "#0"},
				"down": {"uv": [0.875, 8, 1.375, 6.75], "rotation": 270, "texture": "#0"}
			}
		},
		{
			"from": [5.1, 17, 6.6],
			"to": [5.6, 20, 9.6],
			"rotation": {"angle": 22.5, "axis": "x", "origin": [8, 21, 9]},
			"faces": {
				"north": {"uv": [4.25, 6.5, 4.125, 7.25], "texture": "#0"},
				"east": {"uv": [4.125, 6.5, 3.375, 7.25], "texture": "#0"},
				"south": {"uv": [4.25, 6.5, 4.125, 7.25], "texture": "#0"},
				"west": {"uv": [4.125, 6.5, 3.375, 7.25], "texture": "#0"},
				"up": {"uv": [3.375, 7.375, 4.125, 7.25], "rotation": 90, "texture": "#0"},
				"down": {"uv": [3.375, 7.375, 4.125, 7.25], "rotation": 90, "texture": "#0"}
			}
		},
		{
			"from": [10.4, 17, 6.6],
			"to": [10.9, 20, 9.6],
			"rotation": {"angle": 22.5, "axis": "x", "origin": [8, 21, 9]},
			"faces": {
				"north": {"uv": [4.125, 6.5, 4.25, 7.25], "texture": "#0"},
				"east": {"uv": [3.375, 6.5, 4.125, 7.25], "texture": "#0"},
				"south": {"uv": [4.125, 6.5, 4.25, 7.25], "texture": "#0"},
				"west": {"uv": [3.375, 6.5, 4.125, 7.25], "texture": "#0"},
				"up": {"uv": [6, 2.25, 6.75, 2.375], "rotation": 90, "texture": "#0"},
				"down": {"uv": [6, 2.25, 6.75, 2.375], "rotation": 90, "texture": "#0"}
			}
		},
		{
			"from": [6.5, 13, 7],
			"to": [9.5, 15, 11],
			"rotation": {"angle": 0, "axis": "y", "origin": [-0.5, 0, 1]},
			"faces": {
				"north": {"uv": [2.5, 8.5, 3.25, 9], "texture": "#0"},
				"east": {"uv": [2.25, 8, 3.25, 8.5], "texture": "#0"},
				"south": {"uv": [2.5, 8.5, 3.25, 9], "texture": "#0"},
				"west": {"uv": [2.25, 8, 3.25, 8.5], "texture": "#0"},
				"up": {"uv": [2.25, 7.75, 1.5, 6.75], "texture": "#0"},
				"down": {"uv": [2.25, 7.75, 1.5, 6.75], "texture": "#0"}
			}
		},
		{
			"from": [6.5, 4, 7],
			"to": [9.5, 6, 11],
			"rotation": {"angle": 0, "axis": "y", "origin": [-0.5, 0, 1]},
			"faces": {
				"north": {"uv": [2.5, 8.5, 3.25, 9], "texture": "#0"},
				"east": {"uv": [2.25, 8, 3.25, 8.5], "texture": "#0"},
				"south": {"uv": [2.5, 8.5, 3.25, 9], "texture": "#0"},
				"west": {"uv": [2.25, 8, 3.25, 8.5], "texture": "#0"},
				"up": {"uv": [2.25, 7.75, 1.5, 6.75], "texture": "#0"},
				"down": {"uv": [2.25, 7.75, 1.5, 6.75], "texture": "#0"}
			}
		},
		{
			"from": [6.75, 15.8, 6.75],
			"to": [9.25, 19.8, 11.25],
			"rotation": {"angle": 22.5, "axis": "x", "origin": [-0.5, 18.8, 8]},
			"faces": {
				"north": {"uv": [3.25, 5, 3.875, 6], "rotation": 180, "texture": "#0"},
				"east": {"uv": [4.75, 4.75, 5.75, 3.625], "rotation": 270, "texture": "#0"},
				"south": {"uv": [3.25, 5, 3.875, 6], "rotation": 180, "texture": "#0"},
				"west": {"uv": [4.75, 3.625, 5.75, 4.75], "rotation": 270, "texture": "#0"},
				"up": {"uv": [5.75, 3.625, 6.375, 4.75], "texture": "#0"},
				"down": {"uv": [5.75, 3.625, 6.375, 4.75], "texture": "#0"}
			}
		},
		{
			"from": [7.25, 18.5, 11],
			"to": [8.75, 21.5, 16],
			"rotation": {"angle": -22.5, "axis": "x", "origin": [-0.5, 20.3, 9]},
			"faces": {
				"north": {"uv": [7.75, 1.125, 8.125, 1.875], "texture": "#0"},
				"east": {"uv": [7.75, 1.125, 6.5, 1.875], "texture": "#0"},
				"south": {"uv": [7.75, 1.125, 8.125, 1.875], "texture": "#0"},
				"west": {"uv": [6.5, 1.125, 7.75, 1.875], "texture": "#0"},
				"up": {"uv": [9.25, 0, 9.625, 1.25], "texture": "#0"},
				"down": {"uv": [9.25, 1.25, 9.625, 0], "texture": "#0"}
			}
		},
		{
			"from": [7.5, 23.5, 13],
			"to": [8.5, 25.5, 17],
			"rotation": {"angle": 22.5, "axis": "x", "origin": [-0.5, 19.8, 9]},
			"faces": {
				"north": {"uv": [4, 6, 4.25, 6.5], "texture": "#0"},
				"east": {"uv": [4, 6, 3, 6.5], "texture": "#0"},
				"south": {"uv": [4, 6, 4.25, 6.5], "texture": "#0"},
				"west": {"uv": [3, 6, 4, 6.5], "texture": "#0"},
				"up": {"uv": [4.375, 5, 4.625, 6], "texture": "#0"},
				"down": {"uv": [4.375, 5, 4.625, 6], "texture": "#0"}
			}
		},
		{
			"from": [6, 7.8, 10.5],
			"to": [6, 9.8, 13.5],
			"rotation": {"angle": -45, "axis": "x", "origin": [-0.5, 0, 16]},
			"faces": {
				"north": {"uv": [0, 0.5, 0, 0], "rotation": 180, "texture": "#missing"},
				"east": {"uv": [0.75, 13.25, 1.25, 14], "rotation": 90, "texture": "#0"},
				"south": {"uv": [0, 0.5, 0, 0], "texture": "#missing"},
				"west": {"uv": [1.25, 13.25, 0.75, 14], "rotation": 270, "texture": "#0"},
				"up": {"uv": [0, 0, 0, 0.75], "texture": "#missing"},
				"down": {"uv": [0, 0, 0, 0.75], "rotation": 180, "texture": "#missing"}
			}
		},
		{
			"from": [7, 19, 7.5],
			"to": [9, 24, 11.5],
			"rotation": {"angle": 45, "axis": "x", "origin": [-0.5, 19.8, 8]},
			"faces": {
				"north": {"uv": [6, 4.75, 6.5, 6], "rotation": 180, "texture": "#0"},
				"east": {"uv": [4.75, 5.75, 6, 4.75], "rotation": 270, "texture": "#0"},
				"south": {"uv": [6, 4.75, 6.5, 6], "rotation": 180, "texture": "#0"},
				"west": {"uv": [4.75, 4.75, 6, 5.75], "rotation": 270, "texture": "#0"},
				"up": {"uv": [3.875, 5, 4.375, 6], "texture": "#0"},
				"down": {"uv": [3.875, 5, 4.375, 6], "texture": "#0"}
			}
		},
		{
			"from": [7.5, -6.5, 13],
			"to": [8.5, -4.5, 17],
			"rotation": {"angle": -22.5, "axis": "x", "origin": [-0.5, -0.8, 9]},
			"faces": {
				"north": {"uv": [4, 6.5, 4.25, 6], "texture": "#0"},
				"east": {"uv": [4, 6.5, 3, 6], "texture": "#0"},
				"south": {"uv": [4, 6.5, 4.25, 6], "texture": "#0"},
				"west": {"uv": [3, 6.5, 4, 6], "texture": "#0"},
				"up": {"uv": [4.375, 6, 4.625, 5], "texture": "#0"},
				"down": {"uv": [4.375, 6, 4.625, 5], "texture": "#0"}
			}
		},
		{
			"from": [7.25, -2.5, 11],
			"to": [8.75, 0.5, 16],
			"rotation": {"angle": 22.5, "axis": "x", "origin": [-0.5, -1.3, 9]},
			"faces": {
				"north": {"uv": [7.75, 1.875, 8.125, 1.125], "texture": "#0"},
				"east": {"uv": [7.75, 1.875, 6.5, 1.125], "texture": "#0"},
				"south": {"uv": [7.75, 1.875, 8.125, 1.125], "texture": "#0"},
				"west": {"uv": [6.5, 1.875, 7.75, 1.125], "texture": "#0"},
				"up": {"uv": [9.25, 0, 9.625, 1.25], "texture": "#0"},
				"down": {"uv": [9.25, 1.25, 9.625, 0], "texture": "#0"}
			}
		},
		{
			"from": [7, -5, 7.5],
			"to": [9, 0, 11.5],
			"rotation": {"angle": -45, "axis": "x", "origin": [-0.5, -0.8, 8]},
			"faces": {
				"north": {"uv": [6, 6, 6.5, 4.75], "rotation": 180, "texture": "#0"},
				"east": {"uv": [6, 5.75, 4.75, 4.75], "rotation": 270, "texture": "#0"},
				"south": {"uv": [6, 6, 6.5, 4.75], "rotation": 180, "texture": "#0"},
				"west": {"uv": [6, 4.75, 4.75, 5.75], "rotation": 270, "texture": "#0"},
				"up": {"uv": [3.875, 6, 4.375, 5], "texture": "#0"},
				"down": {"uv": [3.875, 6, 4.375, 5], "texture": "#0"}
			}
		},
		{
			"from": [6, 17.5, -5.5],
			"to": [6, 21.5, -2.5],
			"rotation": {"angle": 45, "axis": "x", "origin": [-0.5, 0, 1]},
			"faces": {
				"north": {"uv": [0, 0, 0, 1], "texture": "#missing"},
				"east": {"uv": [0.75, 13, 0, 14], "texture": "#0"},
				"south": {"uv": [0, 0, 0, 1], "texture": "#missing"},
				"west": {"uv": [0, 13, 0.75, 14], "texture": "#0"},
				"up": {"uv": [0, 0, 0, 0.75], "texture": "#missing"},
				"down": {"uv": [0, 0, 0, 0.75], "texture": "#missing"}
			}
		},
		{
			"from": [10, 17.5, -5.5],
			"to": [10, 21.5, -2.5],
			"rotation": {"angle": 45, "axis": "x", "origin": [16.5, 0, 1]},
			"faces": {
				"north": {"uv": [0, 0, 0, 1], "texture": "#missing"},
				"east": {"uv": [0.75, 13, 0, 14], "texture": "#0"},
				"south": {"uv": [0, 0, 0, 1], "texture": "#missing"},
				"west": {"uv": [0, 13, 0.75, 14], "texture": "#0"},
				"up": {"uv": [0, 0, 0, 0.75], "texture": "#missing"},
				"down": {"uv": [0, 0, 0, 0.75], "texture": "#missing"}
			}
		},
		{
			"from": [10, 7.8, 10.5],
			"to": [10, 9.8, 13.5],
			"rotation": {"angle": -45, "axis": "x", "origin": [16.5, 0, 16]},
			"faces": {
				"north": {"uv": [0, 0.5, 0, 0], "rotation": 180, "texture": "#missing"},
				"east": {"uv": [1.25, 14, 0.75, 13.25], "rotation": 270, "texture": "#0"},
				"south": {"uv": [0, 0.5, 0, 0], "texture": "#missing"},
				"west": {"uv": [0.75, 14, 1.25, 13.25], "rotation": 90, "texture": "#0"},
				"up": {"uv": [0, 0, 0, 0.75], "texture": "#missing"},
				"down": {"uv": [0, 0, 0, 0.75], "rotation": 180, "texture": "#missing"}
			}
		},
		{
			"from": [6.75, -0.8, 6.75],
			"to": [9.25, 3.2, 11.25],
			"rotation": {"angle": -22.5, "axis": "x", "origin": [-0.5, 0.2, 8]},
			"faces": {
				"north": {"uv": [3.25, 6, 3.875, 5], "rotation": 180, "texture": "#0"},
				"east": {"uv": [5.75, 4.75, 4.75, 3.625], "rotation": 270, "texture": "#0"},
				"south": {"uv": [3.25, 6, 3.875, 5], "rotation": 180, "texture": "#0"},
				"west": {"uv": [5.75, 3.625, 4.75, 4.75], "rotation": 270, "texture": "#0"},
				"up": {"uv": [5.75, 4.75, 6.375, 3.625], "texture": "#0"},
				"down": {"uv": [5.75, 4.75, 6.375, 3.625], "texture": "#0"}
			}
		},
		{
			"from": [6.9, 2, 8.8],
			"to": [9.1, 5, 11.8],
			"rotation": {"angle": -45, "axis": "x", "origin": [8, -1, 6]},
			"faces": {
				"north": {"uv": [2.25, 7.75, 2.75, 7], "texture": "#0"},
				"east": {"uv": [2.25, 7, 3, 6.25], "texture": "#0"},
				"south": {"uv": [2.25, 7.75, 2.75, 7], "texture": "#0"},
				"west": {"uv": [2.25, 7, 3, 6.25], "texture": "#0"},
				"up": {"uv": [3.25, 7.75, 2.75, 7], "texture": "#0"},
				"down": {"uv": [3, 9.75, 2.5, 9], "texture": "#0"}
			}
		},
		{
			"from": [7.25, 5, 9.3],
			"to": [8.75, 5.5, 11.3],
			"rotation": {"angle": -45, "axis": "x", "origin": [8, -1, 6]},
			"faces": {
				"north": {"uv": [0.25, 3, 0.75, 2.875], "texture": "#0"},
				"east": {"uv": [0.25, 3, 0.75, 2.875], "texture": "#0"},
				"south": {"uv": [0.25, 3, 0.75, 2.875], "texture": "#0"},
				"west": {"uv": [0.25, 3, 0.75, 2.875], "texture": "#0"},
				"up": {"uv": [3.375, 7, 3, 6.5], "texture": "#0"},
				"down": {"uv": [3.375, 7, 3, 6.5], "texture": "#0"}
			}
		},
		{
			"from": [7.25, 13.5, 9.3],
			"to": [8.75, 14, 11.3],
			"rotation": {"angle": 45, "axis": "x", "origin": [8, 20, 6]},
			"faces": {
				"north": {"uv": [0.25, 2.875, 0.75, 3], "texture": "#0"},
				"east": {"uv": [0.25, 2.875, 0.75, 3], "texture": "#0"},
				"south": {"uv": [0.25, 2.875, 0.75, 3], "texture": "#0"},
				"west": {"uv": [0.25, 2.875, 0.75, 3], "texture": "#0"},
				"up": {"uv": [3.375, 6.5, 3, 7], "texture": "#0"},
				"down": {"uv": [3.375, 6.5, 3, 7], "texture": "#0"}
			}
		},
		{
			"from": [6.9, 14, 8.8],
			"to": [9.1, 17, 11.8],
			"rotation": {"angle": 45, "axis": "x", "origin": [8, 20, 6]},
			"faces": {
				"north": {"uv": [2.25, 7, 2.75, 7.75], "texture": "#0"},
				"east": {"uv": [2.25, 6.25, 3, 7], "texture": "#0"},
				"south": {"uv": [2.25, 7, 2.75, 7.75], "texture": "#0"},
				"west": {"uv": [2.25, 6.25, 3, 7], "texture": "#0"},
				"up": {"uv": [3, 9, 2.5, 9.75], "texture": "#0"},
				"down": {"uv": [3.25, 7, 2.75, 7.75], "texture": "#0"}
			}
		},
		{
			"from": [7.75, 9.5, 17.5],
			"to": [8.25, 21.5, 18],
			"rotation": {"angle": 0, "axis": "y", "origin": [8, 21.5, 18]},
			"faces": {
				"north": {"uv": [2, 13, 2.125, 10], "texture": "#0"},
				"east": {"uv": [2, 13, 2.125, 10], "texture": "#0"},
				"south": {"uv": [2, 13, 2.125, 10], "texture": "#0"},
				"west": {"uv": [2, 13, 2.125, 10], "texture": "#0"},
				"up": {"uv": [2, 13.125, 2.125, 13], "texture": "#0"},
				"down": {"uv": [2, 13.125, 2.125, 13], "texture": "#0"}
			}
		},
		{
			"from": [7.75, -2.5, 17.5],
			"to": [8.25, 9.5, 18],
			"rotation": {"angle": 0, "axis": "y", "origin": [8, -2.5, 18]},
			"faces": {
				"north": {"uv": [2, 10, 2.125, 13], "texture": "#0"},
				"east": {"uv": [2, 10, 2.125, 13], "texture": "#0"},
				"south": {"uv": [2, 10, 2.125, 13], "texture": "#0"},
				"west": {"uv": [2, 10, 2.125, 13], "texture": "#0"},
				"up": {"uv": [2, 13, 2.125, 13.125], "texture": "#0"},
				"down": {"uv": [2, 13, 2.125, 13.125], "texture": "#0"}
			}
		},
		{
			"from": [-6.2, 9.3, 15.5],
			"to": [-6.2, 13.3, 18.5],
			"rotation": {"angle": 45, "axis": "z", "origin": [-0.5, 26, -10.5]},
			"faces": {
				"north": {"uv": [0, 0, 0, 1], "texture": "#missing"},
				"east": {"uv": [0.75, 13, 0, 14], "texture": "#0"},
				"south": {"uv": [0, 0, 0, 1], "texture": "#missing"},
				"west": {"uv": [0, 13, 0.75, 14], "texture": "#0"},
				"up": {"uv": [0, 0, 0, 0.75], "texture": "#missing"},
				"down": {"uv": [0, 0, 0, 0.75], "texture": "#missing"}
			}
		},
		{
			"from": [22.2, 9.3, 15.5],
			"to": [22.2, 13.3, 18.5],
			"rotation": {"angle": -45, "axis": "z", "origin": [16.5, 26, -10.5]},
			"faces": {
				"north": {"uv": [0, 0, 0, 1], "texture": "#missing"},
				"east": {"uv": [0.75, 13, 0, 14], "texture": "#0"},
				"south": {"uv": [0, 0, 0, 1], "texture": "#missing"},
				"west": {"uv": [0, 13, 0.75, 14], "texture": "#0"},
				"up": {"uv": [0, 0, 0, 0.75], "texture": "#missing"},
				"down": {"uv": [0, 0, 0, 0.75], "texture": "#missing"}
			}
		},
		{
			"from": [22.2, 3.3, 15.5],
			"to": [22.2, 7.3, 18.5],
			"rotation": {"angle": -45, "axis": "z", "origin": [16.5, 26, -10.5]},
			"faces": {
				"north": {"uv": [0, 0, 0, 1], "texture": "#missing"},
				"east": {"uv": [0.75, 14, 0, 13], "texture": "#0"},
				"south": {"uv": [0, 0, 0, 1], "texture": "#missing"},
				"west": {"uv": [0, 14, 0.75, 13], "texture": "#0"},
				"up": {"uv": [0, 0, 0, 0.75], "texture": "#missing"},
				"down": {"uv": [0, 0, 0, 0.75], "texture": "#missing"}
			}
		},
		{
			"from": [8, 8.8, 10.3],
			"to": [8, 10.8, 13.3],
			"rotation": {"angle": -45, "axis": "x", "origin": [-0.5, 0, 5]},
			"faces": {
				"north": {"uv": [0, 0.5, 0, 0], "rotation": 180, "texture": "#missing"},
				"east": {"uv": [0.75, 14, 1.25, 13.25], "rotation": 90, "texture": "#0"},
				"south": {"uv": [0, 0.5, 0, 0], "texture": "#missing"},
				"west": {"uv": [1.25, 14, 0.75, 13.25], "rotation": 270, "texture": "#0"},
				"up": {"uv": [0, 0, 0, 0.75], "texture": "#missing"},
				"down": {"uv": [0, 0, 0, 0.75], "rotation": 180, "texture": "#missing"}
			}
		},
		{
			"from": [-6.2, 3.3, 15.5],
			"to": [-6.2, 7.3, 18.5],
			"rotation": {"angle": 45, "axis": "z", "origin": [-0.5, 26, -10.5]},
			"faces": {
				"north": {"uv": [0, 0, 0, 1], "texture": "#missing"},
				"east": {"uv": [0.75, 14, 0, 13], "texture": "#0"},
				"south": {"uv": [0, 0, 0, 1], "texture": "#missing"},
				"west": {"uv": [0, 14, 0.75, 13], "texture": "#0"},
				"up": {"uv": [0, 0, 0, 0.75], "texture": "#missing"},
				"down": {"uv": [0, 0, 0, 0.75], "texture": "#missing"}
			}
		},
		{
			"from": [8, 8, -10],
			"to": [8, 11, 17.5],
			"rotation": {"angle": 45, "axis": "z", "origin": [8, 9.5, -11]},
			"faces": {
				"north": {"uv": [0, 0, 0, 0.25], "texture": "#missing"},
				"east": {"uv": [9.875, 15.25, 3, 16], "texture": "#0"},
				"south": {"uv": [0, 0, 0, 0.25], "texture": "#missing"},
				"west": {"uv": [3, 15.25, 9.875, 16], "texture": "#0"},
				"up": {"uv": [0, 0, 0, 7], "texture": "#missing"},
				"down": {"uv": [0, 0, 0, 7], "texture": "#missing"}
			}
		},
		{
			"from": [8, 8, -10],
			"to": [8, 11, 17.5],
			"rotation": {"angle": -45, "axis": "z", "origin": [8, 9.5, -11]},
			"faces": {
				"north": {"uv": [0, 0, 0, 0.25], "texture": "#missing"},
				"east": {"uv": [9.875, 15.25, 3, 16], "texture": "#0"},
				"south": {"uv": [0, 0, 0, 0.25], "texture": "#missing"},
				"west": {"uv": [3, 15.25, 9.875, 16], "texture": "#0"},
				"up": {"uv": [0, 0, 0, 7], "texture": "#missing"},
				"down": {"uv": [0, 0, 0, 7], "texture": "#missing"}
			}
		},
		{
			"from": [6.9, 8, -0.5],
			"to": [9.1, 11, 2.5],
			"rotation": {"angle": 0, "axis": "y", "origin": [8, -1, -6.5]},
			"faces": {
				"north": {"uv": [3.25, 7.75, 2.75, 7], "rotation": 180, "texture": "#0"},
				"east": {"uv": [2.25, 7, 3, 6.25], "rotation": 90, "texture": "#0"},
				"south": {"uv": [3, 9.75, 2.5, 9], "texture": "#0"},
				"west": {"uv": [2.25, 7, 3, 6.25], "rotation": 270, "texture": "#0"},
				"up": {"uv": [2.25, 7.75, 2.75, 7], "texture": "#0"},
				"down": {"uv": [2.25, 7.75, 2.75, 7], "rotation": 180, "texture": "#0"}
			}
		},
		{
			"from": [7.25, 8.5, -1],
			"to": [8.75, 10.5, -0.5],
			"rotation": {"angle": 0, "axis": "y", "origin": [8, -1, -6.5]},
			"faces": {
				"north": {"uv": [3.375, 7, 3, 6.5], "rotation": 180, "texture": "#0"},
				"east": {"uv": [0.25, 3, 0.75, 2.875], "rotation": 90, "texture": "#0"},
				"south": {"uv": [3.375, 7, 3, 6.5], "texture": "#0"},
				"west": {"uv": [0.25, 3, 0.75, 2.875], "rotation": 270, "texture": "#0"},
				"up": {"uv": [0.25, 3, 0.75, 2.875], "texture": "#0"},
				"down": {"uv": [0.25, 3, 0.75, 2.875], "rotation": 180, "texture": "#0"}
			}
		},
		{
			"from": [7.25, 8.5, 2.5],
			"to": [8.75, 10.5, 3],
			"rotation": {"angle": 0, "axis": "y", "origin": [8, -1, -6.5]},
			"faces": {
				"north": {"uv": [2.625, 9.625, 3, 9.125], "rotation": 180, "texture": "#0"},
				"east": {"uv": [0.375, 6.875, 0.875, 6.75], "rotation": 90, "texture": "#0"},
				"south": {"uv": [2.625, 9.625, 3, 9.125], "texture": "#0"},
				"west": {"uv": [0.375, 6.875, 0.875, 6.75], "rotation": 270, "texture": "#0"},
				"up": {"uv": [0.375, 6.875, 0.875, 6.75], "texture": "#0"},
				"down": {"uv": [0.375, 6.875, 0.875, 6.75], "rotation": 180, "texture": "#0"}
			}
		},
		{
			"from": [5, 18.5, -2.8],
			"to": [11, 22.5, -2.8],
			"rotation": {"angle": 22.5, "axis": "x", "origin": [0, 0, 0]},
			"faces": {
				"north": {"uv": [0, 0, 12, 8], "texture": "#1"},
				"east": {"uv": [0, 0, 0, 8], "texture": "#1"},
				"south": {"uv": [0, 0, 12, 8], "texture": "#1"},
				"west": {"uv": [0, 0, 0, 8], "texture": "#1"},
				"up": {"uv": [0, 0, 0, 12], "rotation": 90, "texture": "#1"},
				"down": {"uv": [0, 0, 0, 12], "rotation": 270, "texture": "#1"}
			}
		},
		{
			"from": [5.4, 0, 5.75],
			"to": [5.4, 6, 11.75],
			"rotation": {"angle": 0, "axis": "y", "origin": [16, 0, 0]},
			"faces": {
				"north": {"uv": [0, 0, 0, 12], "texture": "#2"},
				"east": {"uv": [12, 0, 0, 12], "texture": "#2"},
				"south": {"uv": [0, 0, 0, 12], "texture": "#2"},
				"west": {"uv": [0, 0, 12, 12], "texture": "#2"},
				"up": {"uv": [0, 0, 0, 12], "texture": "#2"},
				"down": {"uv": [0, 0, 0, 12], "texture": "#2"}
			}
		},
		{
			"from": [5.4, 13, 5.75],
			"to": [5.4, 19, 11.75],
			"rotation": {"angle": 0, "axis": "y", "origin": [16, 0, 0]},
			"faces": {
				"north": {"uv": [0, 0, 0, 12], "texture": "#2"},
				"east": {"uv": [12, 0, 0, 12], "texture": "#2"},
				"south": {"uv": [0, 0, 0, 12], "texture": "#2"},
				"west": {"uv": [0, 0, 12, 12], "texture": "#2"},
				"up": {"uv": [0, 0, 0, 12], "texture": "#2"},
				"down": {"uv": [0, 0, 0, 12], "texture": "#2"}
			}
		},
		{
			"from": [10.6, 0, 5.75],
			"to": [10.6, 6, 11.75],
			"faces": {
				"north": {"uv": [0, 0, 0, 12], "texture": "#2"},
				"east": {"uv": [12, 0, 0, 12], "texture": "#2"},
				"south": {"uv": [0, 0, 0, 12], "texture": "#2"},
				"west": {"uv": [0, 0, 12, 12], "texture": "#2"},
				"up": {"uv": [0, 0, 0, 12], "texture": "#2"},
				"down": {"uv": [0, 0, 0, 12], "texture": "#2"}
			}
		},
		{
			"from": [10.6, 13, 5.75],
			"to": [10.6, 19, 11.75],
			"faces": {
				"north": {"uv": [0, 0, 0, 12], "texture": "#2"},
				"east": {"uv": [12, 0, 0, 12], "texture": "#2"},
				"south": {"uv": [0, 0, 0, 12], "texture": "#2"},
				"west": {"uv": [0, 0, 12, 12], "texture": "#2"},
				"up": {"uv": [0, 0, 0, 12], "texture": "#2"},
				"down": {"uv": [0, 0, 0, 12], "texture": "#2"}
			}
		}
	],
	"gui_light": "front",
	"display": {
		"thirdperson_righthand": {
			"translation": [0, -3, 1],
			"scale": [0.7, 0.7, 0.7]
		},
		"thirdperson_lefthand": {
			"translation": [0, -3, 1],
			"scale": [0.7, 0.7, 0.7]
		},
		"firstperson_righthand": {
			"rotation": [12, 0, 0],
			"translation": [1, 5, 1],
			"scale": [0.4, 0.4, 0.4]
		},
		"firstperson_lefthand": {
			"rotation": [12, 0, 0],
			"translation": [1, 5, 1],
			"scale": [0.4, 0.4, 0.4]
		},
		"ground": {
			"rotation": [45, 0, 0],
			"translation": [0, 9, 0],
			"scale": [0.45, 0.45, 0.45]
		},
		"gui": {
			"rotation": [90, 45, 90],
			"translation": [-0.25, 1.25, 0],
			"scale": [0.50351, 0.50351, 0.50351]
		},
		"head": {
			"scale": [0, 0, 0]
		},
		"fixed": {
			"rotation": [0, 90, 0],
			"translation": [-5, -2.25, -3.75],
			"scale": [1.5, 1.5, 1.5]
		}
	}
}