{"credit":"MadewithBlockbench","texture_size":[8,8],"textures":{"0":"custom:easterbunny_weapon_set/items/texture_01","1":"custom:easterbunny_weapon_set/items/texture_02","2":"custom:easterbunny_weapon_set/items/texture_animation_01","3":"custom:easterbunny_weapon_set/items/texture_animation_02","particle":"custom:easterbunny_weapon_set/items/texture_01"},"elements":[{"from":[-2,11,5.5],"to":[-1,15,7],"rotation":{"angle":0,"axis":"y","origin":[0.5,2.6,16]},"faces":{"north":{"uv":[0.375,7,0.625,8],"texture":"#0"},"east":{"uv":[0,7,0.375,8],"texture":"#0"},"south":{"uv":[0.625,7,0.375,8],"texture":"#0"},"west":{"uv":[0,7,0.375,8],"texture":"#0"},"up":{"uv":[0.875,7.375,0.625,7],"texture":"#0"},"down":{"uv":[0.875,7.375,0.625,7],"texture":"#0"}}},{"from":[-2,11,9],"to":[-1,15,10.5],"rotation":{"angle":0,"axis":"y","origin":[0.5,2.6,16]},"faces":{"north":{"uv":[0.375,7,0.625,8],"texture":"#0"},"east":{"uv":[0.375,7,0,8],"texture":"#0"},"south":{"uv":[0.625,7,0.375,8],"texture":"#0"},"west":{"uv":[0.375,7,0,8],"texture":"#0"},"up":{"uv":[0.875,7,0.625,7.375],"texture":"#0"},"down":{"uv":[0.875,7,0.625,7.375],"texture":"#0"}}},{"from":[-3,7,5.5],"to":[-1,11,10.5],"rotation":{"angle":0,"axis":"y","origin":[0.5,2.6,16]},"faces":{"north":{"uv":[0.5,5.75,0,6.75],"texture":"#0"},"east":{"uv":[0.5,5.75,1.75,6.75],"texture":"#0"},"south":{"uv":[0,5.75,0.5,6.75],"texture":"#0"},"west":{"uv":[0.5,5.75,1.75,6.75],"texture":"#0"},"up":{"uv":[1.375,8,0.875,6.75],"texture":"#0"},"down":{"uv":[1.375,8,0.875,6.75],"texture":"#0"}}},{"from":[1.5,1.5,1],"to":[14.5,4,15],"rotation":{"angle":0,"axis":"y","origin":[-0.5,11.6,-1]},"faces":{"north":{"uv":[4.25,12.5,7.5,11.875],"texture":"#1"},"east":{"uv":[4.25,12.5,7.5,11.875],"texture":"#1"},"south":{"uv":[4.25,12.5,7.5,11.875],"texture":"#1"},"west":{"uv":[4.25,12.5,7.5,11.875],"texture":"#1"},"up":{"uv":[7.5,12.5,4.25,16],"texture":"#1"},"down":{"uv":[7.5,12.5,4.25,16],"texture":"#1"}}},{"from":[2.5,0,12],"to":[4.5,1.5,14],"rotation":{"angle":-45,"axis":"y","origin":[3.5,0.75,13]},"faces":{"north":{"uv":[4.75,11.875,5.25,11.5],"texture":"#1"},"east":{"uv":[4.75,11.875,5.25,11.5],"texture":"#1"},"south":{"uv":[4.75,11.875,5.25,11.5],"texture":"#1"},"west":{"uv":[4.75,11.875,5.25,11.5],"texture":"#1"},"up":{"uv":[4.75,11.375,4.25,11.875],"texture":"#1"},"down":{"uv":[4.75,11.375,4.25,11.875],"texture":"#1"}}},{"from":[11.5,0,12],"to":[13.5,1.5,14],"rotation":{"angle":45,"axis":"y","origin":[12.5,0.75,13]},"faces":{"north":{"uv":[5.25,11.875,4.75,11.5],"texture":"#1"},"east":{"uv":[5.25,11.875,4.75,11.5],"texture":"#1"},"south":{"uv":[5.25,11.875,4.75,11.5],"texture":"#1"},"west":{"uv":[5.25,11.875,4.75,11.5],"texture":"#1"},"up":{"uv":[4.25,11.375,4.75,11.875],"texture":"#1"},"down":{"uv":[4.25,11.375,4.75,11.875],"texture":"#1"}}},{"from":[11.5,0,2],"to":[13.5,1.5,4],"rotation":{"angle":-45,"axis":"y","origin":[12.5,0.75,3]},"faces":{"north":{"uv":[4.75,11.875,5.25,11.5],"texture":"#1"},"east":{"uv":[4.75,11.875,5.25,11.5],"texture":"#1"},"south":{"uv":[4.75,11.875,5.25,11.5],"texture":"#1"},"west":{"uv":[4.75,11.875,5.25,11.5],"texture":"#1"},"up":{"uv":[4.25,11.875,4.75,11.375],"texture":"#1"},"down":{"uv":[4.25,11.875,4.75,11.375],"texture":"#1"}}},{"from":[2.5,0,2],"to":[4.5,1.5,4],"rotation":{"angle":45,"axis":"y","origin":[3.5,0.75,3]},"faces":{"north":{"uv":[5.25,11.875,4.75,11.5],"texture":"#1"},"east":{"uv":[5.25,11.875,4.75,11.5],"texture":"#1"},"south":{"uv":[5.25,11.875,4.75,11.5],"texture":"#1"},"west":{"uv":[5.25,11.875,4.75,11.5],"texture":"#1"},"up":{"uv":[4.75,11.875,4.25,11.375],"texture":"#1"},"down":{"uv":[4.75,11.875,4.25,11.375],"texture":"#1"}}},{"from":[-1.3,3.5,5.75],"to":[2.7,12,14.25],"rotation":{"angle":-45,"axis":"x","origin":[9.7,5.75,8]},"faces":{"north":{"uv":[10.625,2.125,11.625,0],"texture":"#1"},"east":{"uv":[8.5,2.125,10.625,0],"texture":"#1"},"south":{"uv":[10.625,2.125,11.625,0],"texture":"#1"},"west":{"uv":[8.5,2.125,10.625,0],"texture":"#1"},"up":{"uv":[10.625,2.125,11.625,0],"texture":"#1"},"down":{"uv":[10.625,2.125,11.625,0],"texture":"#1"}}},{"from":[13.3,3.5,5.75],"to":[17.3,12,14.25],"rotation":{"angle":-45,"axis":"x","origin":[6.3,5.75,8]},"faces":{"north":{"uv":[11.625,2.125,10.625,0],"texture":"#1"},"east":{"uv":[10.625,2.125,8.5,0],"texture":"#1"},"south":{"uv":[11.625,2.125,10.625,0],"texture":"#1"},"west":{"uv":[10.625,2.125,8.5,0],"texture":"#1"},"up":{"uv":[11.625,2.125,10.625,0],"texture":"#1"},"down":{"uv":[11.625,2.125,10.625,0],"texture":"#1"}}},{"from":[17,11,5.5],"to":[18,15,7],"rotation":{"angle":0,"axis":"y","origin":[15.5,2.6,16]},"faces":{"north":{"uv":[0.625,7,0.375,8],"texture":"#0"},"east":{"uv":[0.375,7,0,8],"texture":"#0"},"south":{"uv":[0.375,7,0.625,8],"texture":"#0"},"west":{"uv":[0.375,7,0,8],"texture":"#0"},"up":{"uv":[0.625,7.375,0.875,7],"texture":"#0"},"down":{"uv":[0.625,7.375,0.875,7],"texture":"#0"}}},{"from":[17,11,9],"to":[18,15,10.5],"rotation":{"angle":0,"axis":"y","origin":[15.5,2.6,16]},"faces":{"north":{"uv":[0.625,7,0.375,8],"texture":"#0"},"east":{"uv":[0,7,0.375,8],"texture":"#0"},"south":{"uv":[0.375,7,0.625,8],"texture":"#0"},"west":{"uv":[0,7,0.375,8],"texture":"#0"},"up":{"uv":[0.625,7,0.875,7.375],"texture":"#0"},"down":{"uv":[0.625,7,0.875,7.375],"texture":"#0"}}},{"from":[17,7,5.5],"to":[19,11,10.5],"rotation":{"angle":0,"axis":"y","origin":[15.5,2.6,16]},"faces":{"north":{"uv":[0,5.75,0.5,6.75],"texture":"#0"},"east":{"uv":[1.75,5.75,0.5,6.75],"texture":"#0"},"south":{"uv":[0.5,5.75,0,6.75],"texture":"#0"},"west":{"uv":[1.75,5.75,0.5,6.75],"texture":"#0"},"up":{"uv":[0.875,8,1.375,6.75],"texture":"#0"},"down":{"uv":[0.875,8,1.375,6.75],"texture":"#0"}}},{"from":[-0.5,7.5,-0.5],"to":[16.5,10,16.5],"rotation":{"angle":0,"axis":"y","origin":[-0.5,11.6,-1]},"faces":{"north":{"uv":[0,11.75,4.25,11.125],"texture":"#1"},"east":{"uv":[0,11.75,4.25,11.125],"texture":"#1"},"south":{"uv":[0,11.75,4.25,11.125],"texture":"#1"},"west":{"uv":[0,11.75,4.25,11.125],"texture":"#1"},"up":{"uv":[4.25,11.75,0,16],"texture":"#1"},"down":{"uv":[4.25,11.75,0,16],"texture":"#1"}}},{"from":[2,2.4,1.5],"to":[14,5.4,14.5],"rotation":{"angle":0,"axis":"y","origin":[-0.5,0,0]},"faces":{"north":{"uv":[3.75,0,6.75,0.75],"texture":"#1"},"east":{"uv":[3.75,0,6.75,0.75],"texture":"#1"},"south":{"uv":[3.75,0,6.75,0.75],"texture":"#1"},"west":{"uv":[3.75,0,6.75,0.75],"texture":"#1"}}},{"from":[0.5,5.4,0.5],"to":[15.5,13.4,15.5],"rotation":{"angle":0,"axis":"y","origin":[-0.5,0,0]},"faces":{"north":{"uv":[0,3.75,3.75,5.75],"texture":"#1"},"east":{"uv":[0,3.75,3.75,5.75],"texture":"#1"},"south":{"uv":[0,3.75,3.75,5.75],"texture":"#1"},"west":{"uv":[0,3.75,3.75,5.75],"texture":"#1"},"up":{"uv":[3.75,3.75,0,0],"texture":"#1"},"down":{"uv":[3.75,3.75,0,0],"texture":"#1"}}},{"from":[2,13.4,1.5],"to":[14,17.9,14.5],"rotation":{"angle":0,"axis":"y","origin":[-0.5,0,0]},"faces":{"north":{"uv":[3.75,4,6.75,5.125],"texture":"#1"},"east":{"uv":[3.75,4,6.75,5.125],"texture":"#1"},"south":{"uv":[3.75,4,6.75,5.125],"texture":"#1"},"west":{"uv":[3.75,4,6.75,5.125],"texture":"#1"},"up":{"uv":[6.75,4,3.75,0.75],"texture":"#1"},"down":{"uv":[6.75,4,3.75,0.75],"texture":"#1"}}},{"from":[6.75,7,-1],"to":[9.25,10.5,4],"rotation":{"angle":0,"axis":"y","origin":[0,0,15]},"faces":{"north":{"uv":[4.625,0,4,0.875],"texture":"#0"},"east":{"uv":[5.875,0,4.625,0.875],"texture":"#0"},"south":{"uv":[4.625,0,4,0.875],"texture":"#0"},"west":{"uv":[5.875,0,4.625,0.875],"texture":"#0"},"up":{"uv":[5.25,0.875,4,1.5],"rotation":270,"texture":"#0"},"down":{"uv":[5.25,0.875,4,1.5],"rotation":90,"texture":"#0"}}},{"from":[4.5,17.9,4.5],"to":[11.5,20.9,11.5],"rotation":{"angle":0,"axis":"y","origin":[-0.5,0,0]},"faces":{"north":{"uv":[6.75,1.75,8.5,2.5],"texture":"#1"},"east":{"uv":[6.75,1.75,8.5,2.5],"texture":"#1"},"south":{"uv":[6.75,1.75,8.5,2.5],"texture":"#1"},"west":{"uv":[6.75,1.75,8.5,2.5],"texture":"#1"},"up":{"uv":[8.5,1.75,6.75,0],"texture":"#1"},"down":{"uv":[8.5,1.75,6.75,0],"texture":"#1"}}},{"from":[3.62111,7.5,-0.58329],"to":[7.62111,9.5,1.41671],"rotation":{"angle":-22.5,"axis":"y","origin":[7.3514,8.5,-0.3]},"faces":{"north":{"uv":[2,7.75,1.5,6.75],"rotation":270,"texture":"#0"},"east":{"uv":[2.5,8.5,3,9],"rotation":90,"texture":"#0"},"south":{"uv":[2,7.75,1.5,6.75],"rotation":270,"texture":"#0"},"west":{"uv":[2.5,8.5,3,9],"rotation":270,"texture":"#0"},"up":{"uv":[2.25,8,3.25,8.5],"texture":"#0"},"down":{"uv":[2.25,8,3.25,8.5],"rotation":180,"texture":"#0"}}},{"from":[8.08168,7.5,-0.58329],"to":[12.08168,9.5,1.41671],"rotation":{"angle":22.5,"axis":"y","origin":[8.3514,8.5,-0.3]},"faces":{"north":{"uv":[2,6.75,1.5,7.75],"rotation":270,"texture":"#0"},"east":{"uv":[3,8.5,2.5,9],"rotation":90,"texture":"#0"},"south":{"uv":[2,6.75,1.5,7.75],"rotation":270,"texture":"#0"},"west":{"uv":[3,8.5,2.5,9],"rotation":270,"texture":"#0"},"up":{"uv":[3.25,8,2.25,8.5],"texture":"#0"},"down":{"uv":[3.25,8,2.25,8.5],"rotation":180,"texture":"#0"}}},{"from":[8.08168,7.5,14.58329],"to":[12.08168,9.5,16.58329],"rotation":{"angle":-22.5,"axis":"y","origin":[8.3514,8.5,16.3]},"faces":{"north":{"uv":[2,7.75,1.5,6.75],"rotation":270,"texture":"#0"},"east":{"uv":[3,9,2.5,8.5],"rotation":90,"texture":"#0"},"south":{"uv":[2,7.75,1.5,6.75],"rotation":270,"texture":"#0"},"west":{"uv":[3,9,2.5,8.5],"rotation":270,"texture":"#0"},"up":{"uv":[3.25,8.5,2.25,8],"texture":"#0"},"down":{"uv":[3.25,8.5,2.25,8],"rotation":180,"texture":"#0"}}},{"from":[6.75,7,12],"to":[9.25,10.5,17],"rotation":{"angle":0,"axis":"y","origin":[0,0,1]},"faces":{"north":{"uv":[4,0,4.625,0.875],"texture":"#0"},"east":{"uv":[4.625,0,5.875,0.875],"texture":"#0"},"south":{"uv":[4,0,4.625,0.875],"texture":"#0"},"west":{"uv":[4.625,0,5.875,0.875],"texture":"#0"},"up":{"uv":[4,0.875,5.25,1.5],"rotation":270,"texture":"#0"},"down":{"uv":[4,0.875,5.25,1.5],"rotation":90,"texture":"#0"}}},{"from":[3.62111,7.5,14.58329],"to":[7.62111,9.5,16.58329],"rotation":{"angle":22.5,"axis":"y","origin":[7.3514,8.5,16.3]},"faces":{"north":{"uv":[2,6.75,1.5,7.75],"rotation":270,"texture":"#0"},"east":{"uv":[2.5,9,3,8.5],"rotation":90,"texture":"#0"},"south":{"uv":[2,6.75,1.5,7.75],"rotation":270,"texture":"#0"},"west":{"uv":[2.5,9,3,8.5],"rotation":270,"texture":"#0"},"up":{"uv":[2.25,8.5,3.25,8],"texture":"#0"},"down":{"uv":[2.25,8.5,3.25,8],"rotation":180,"texture":"#0"}}},{"from":[8,18,9],"to":[8,19,13],"rotation":{"angle":0,"axis":"y","origin":[0,4,0]},"faces":{"north":{"uv":[0,0.25,0,0],"texture":"#missing"},"east":{"uv":[9.875,12,10.875,11.75],"texture":"#0"},"south":{"uv":[0,0.25,0,0],"texture":"#missing"},"west":{"uv":[10.875,12,9.875,11.75],"texture":"#0"},"up":{"uv":[0,1,0,0],"texture":"#missing"},"down":{"uv":[0,1,0,0],"texture":"#missing"}}},{"from":[8,18,3],"to":[8,19,7],"rotation":{"angle":0,"axis":"y","origin":[0,4,16]},"faces":{"north":{"uv":[0,0.25,0,0],"texture":"#missing"},"east":{"uv":[10.875,12,9.875,11.75],"texture":"#0"},"south":{"uv":[0,0.25,0,0],"texture":"#missing"},"west":{"uv":[9.875,12,10.875,11.75],"texture":"#0"},"up":{"uv":[0,0,0,1],"texture":"#missing"},"down":{"uv":[0,0,0,1],"texture":"#missing"}}},{"from":[8,19,9],"to":[8,31,13],"rotation":{"angle":0,"axis":"y","origin":[0,4,0]},"faces":{"north":{"uv":[0,3,0,0],"texture":"#missing"},"east":{"uv":[9.875,14.75,10.875,11.75],"texture":"#0"},"south":{"uv":[0,3,0,0],"texture":"#missing"},"west":{"uv":[10.875,14.75,9.875,11.75],"texture":"#0"},"up":{"uv":[0,1,0,0],"texture":"#missing"},"down":{"uv":[0,1,0,0],"texture":"#missing"}}},{"from":[8,19,3],"to":[8,31,7],"rotation":{"angle":0,"axis":"y","origin":[0,4,16]},"faces":{"north":{"uv":[0,3,0,0],"texture":"#missing"},"east":{"uv":[10.875,14.75,9.875,11.75],"texture":"#0"},"south":{"uv":[0,3,0,0],"texture":"#missing"},"west":{"uv":[9.875,14.75,10.875,11.75],"texture":"#0"},"up":{"uv":[0,0,0,1],"texture":"#missing"},"down":{"uv":[0,0,0,1],"texture":"#missing"}}},{"from":[7.25,21,7],"to":[8.75,21.5,9],"rotation":{"angle":0,"axis":"y","origin":[-0.5,16,0]},"faces":{"north":{"uv":[0.375,6.875,0.875,6.75],"texture":"#0"},"east":{"uv":[0.375,6.875,0.875,6.75],"texture":"#0"},"south":{"uv":[0.375,6.875,0.875,6.75],"texture":"#0"},"west":{"uv":[0.375,6.875,0.875,6.75],"texture":"#0"}}},{"from":[7,21.5,6.5],"to":[9,24.5,9.5],"rotation":{"angle":0,"axis":"y","origin":[-0.5,16,0]},"faces":{"north":{"uv":[2.25,7.75,2.75,7],"texture":"#0"},"east":{"uv":[2.25,7,3,6.25],"texture":"#0"},"south":{"uv":[2.25,7.75,2.75,7],"texture":"#0"},"west":{"uv":[2.25,7,3,6.25],"texture":"#0"},"up":{"uv":[3.25,7.75,2.75,7],"texture":"#0"},"down":{"uv":[3,9.75,2.5,9],"texture":"#0"}}},{"from":[7.25,24.5,7],"to":[8.75,25,9],"rotation":{"angle":0,"axis":"y","origin":[-0.5,16,0]},"faces":{"north":{"uv":[0.25,3,0.75,2.875],"texture":"#0"},"east":{"uv":[0.25,3,0.75,2.875],"texture":"#0"},"south":{"uv":[0.25,3,0.75,2.875],"texture":"#0"},"west":{"uv":[0.25,3,0.75,2.875],"texture":"#0"},"up":{"uv":[3.375,7,3,6.5],"texture":"#0"},"down":{"uv":[3.375,7,3,6.5],"texture":"#0"}}},{"from":[-3.1,7,5],"to":[-3.1,11,11],"faces":{"north":{"uv":[0,0,0,8],"texture":"#2"},"east":{"uv":[0,0,12,8],"texture":"#2"},"south":{"uv":[0,0,0,8],"texture":"#2"},"west":{"uv":[0,0,12,8],"texture":"#2"},"up":{"uv":[0,0,0,12],"texture":"#2"},"down":{"uv":[0,0,0,12],"texture":"#2"}}},{"from":[19.1,7,5],"to":[19.1,11,11],"rotation":{"angle":0,"axis":"y","origin":[16,0,0]},"faces":{"north":{"uv":[0,0,0,8],"texture":"#2"},"east":{"uv":[12,0,0,8],"texture":"#2"},"south":{"uv":[0,0,0,8],"texture":"#2"},"west":{"uv":[12,0,0,8],"texture":"#2"},"up":{"uv":[0,0,0,12],"texture":"#2"},"down":{"uv":[0,0,0,12],"texture":"#2"}}},{"from":[5.25,6,17.4],"to":[11.25,12,17.4],"rotation":{"angle":0,"axis":"y","origin":[16,0,0]},"faces":{"north":{"uv":[0,0,12,12],"texture":"#3"},"east":{"uv":[0,0,0,12],"texture":"#3"},"south":{"uv":[12,0,0,12],"texture":"#3"},"west":{"uv":[0,0,0,12],"texture":"#3"},"up":{"uv":[0,0,0,12],"rotation":90,"texture":"#3"},"down":{"uv":[0,0,0,12],"rotation":270,"texture":"#3"}}},{"from":[6.6,20,5.25],"to":[6.6,26,11.25],"rotation":{"angle":0,"axis":"y","origin":[16,0,0]},"faces":{"north":{"uv":[0,0,0,12],"texture":"#3"},"east":{"uv":[0,0,12,12],"texture":"#3"},"south":{"uv":[0,0,0,12],"texture":"#3"},"west":{"uv":[12,0,0,12],"texture":"#3"},"up":{"uv":[0,0,0,12],"rotation":180,"texture":"#3"},"down":{"uv":[0,0,0,12],"rotation":180,"texture":"#3"}}},{"from":[9.4,20,5.25],"to":[9.4,26,11.25],"faces":{"north":{"uv":[0,0,0,12],"texture":"#3"},"east":{"uv":[0,0,12,12],"texture":"#3"},"south":{"uv":[0,0,0,12],"texture":"#3"},"west":{"uv":[12,0,0,12],"texture":"#3"},"up":{"uv":[0,0,0,12],"rotation":180,"texture":"#3"},"down":{"uv":[0,0,0,12],"rotation":180,"texture":"#3"}}},{"from":[5.25,6,-1.4],"to":[11.25,12,-1.4],"rotation":{"angle":0,"axis":"y","origin":[16,0,16]},"faces":{"north":{"uv":[0,0,12,12],"texture":"#3"},"east":{"uv":[0,0,0,12],"texture":"#3"},"south":{"uv":[12,0,0,12],"texture":"#3"},"west":{"uv":[0,0,0,12],"texture":"#3"},"up":{"uv":[0,0,0,12],"rotation":90,"texture":"#3"},"down":{"uv":[0,0,0,12],"rotation":270,"texture":"#3"}}}],"gui_light":"front","display":{"thirdperson_righthand":{"rotation":[67.5,0,0],"translation":[0,2,0.25],"scale":[0.29492,0.29492,0.29492]},"thirdperson_lefthand":{"rotation":[67.5,0,0],"translation":[0,2,0.25],"scale":[0.29492,0.29492,0.29492]},"firstperson_righthand":{"translation":[-1.5,3.5,2.25],"scale":[0.27344,0.27344,0.27344]},"firstperson_lefthand":{"translation":[-1.5,3.5,2.25],"scale":[0.27344,0.27344,0.27344]},"ground":{"translation":[0,6,0],"scale":[0.5,0.5,0.5]},"gui":{"rotation":[30,45,0],"translation":[0,-2.5,0],"scale":[0.46641,0.46641,0.46641]},"head":{"scale":[0,0,0]},"fixed":{"rotation":[-90,0,0],"translation":[-0.25,0,-16],"scale":[2,2,2]}},"groups":[0,1,2,3,4,5,6,7,8,9,10,11,12,13,14,15,16,17,18,19,20,21,22,23,{"name":"group","origin":[0,4,16],"color":0,"nbt":"{}","armAnimationEnabled":false,"children":[24,25,26,27]},28,29,30,31,32,33,34,35,36]}