{
	"credit": "MadewithBlockbench",
	"texture_size": [8, 8],
	"textures": {
		"0": "custom:easterbunny_weapon_set/items/texture_01",
		"1": "custom:easterbunny_weapon_set/items/texture_animation_01",
		"2": "custom:easterbunny_weapon_set/items/texture_animation_02",
		"particle": "custom:easterbunny_weapon_set/items/texture_01"
	},
	"elements": [
		{
			"from": [7.5, -2, 7],
			"to": [8.5, 0, 9],
			"rotation": {"angle": 0, "axis": "y", "origin": [-0.5, -2, 0]},
			"faces": {
				"north": {"uv": [3.75, 0, 4, 0.5], "texture": "#0"},
				"east": {"uv": [3.75, 0, 3.25, 0.5], "texture": "#0"},
				"south": {"uv": [3.75, 0, 4, 0.5], "texture": "#0"},
				"west": {"uv": [3.25, 0, 3.75, 0.5], "texture": "#0"}
			}
		},
		{
			"from": [7, -11, 6.5],
			"to": [9, -2, 9.5],
			"rotation": {"angle": 0, "axis": "y", "origin": [-0.5, -2, 0]},
			"faces": {
				"north": {"uv": [4.25, 2.75, 4.75, 5], "texture": "#0"},
				"east": {"uv": [3, 2.75, 3.75, 5], "texture": "#0"},
				"south": {"uv": [3.75, 2.75, 4.25, 5], "texture": "#0"},
				"west": {"uv": [3, 2.75, 3.75, 5], "texture": "#0"},
				"up": {"uv": [2.25, 6.75, 1.75, 6], "texture": "#0"},
				"down": {"uv": [2.25, 6.75, 1.75, 6], "texture": "#0"}
			}
		},
		{
			"from": [7, -15.5, 6.5],
			"to": [9, -12.5, 9.5],
			"rotation": {"angle": 0, "axis": "y", "origin": [-0.5, -2, 0]},
			"faces": {
				"north": {"uv": [2.25, 7, 2.75, 7.75], "texture": "#0"},
				"east": {"uv": [2.25, 6.25, 3, 7], "texture": "#0"},
				"south": {"uv": [2.25, 7, 2.75, 7.75], "texture": "#0"},
				"west": {"uv": [2.25, 6.25, 3, 7], "texture": "#0"},
				"up": {"uv": [3, 9, 2.5, 9.75], "texture": "#0"},
				"down": {"uv": [3.25, 7, 2.75, 7.75], "texture": "#0"}
			}
		},
		{
			"from": [7.25, -16, 7],
			"to": [8.75, -15.5, 9],
			"rotation": {"angle": 0, "axis": "y", "origin": [-0.5, -2, 0]},
			"faces": {
				"north": {"uv": [0.25, 2.875, 0.75, 3], "texture": "#0"},
				"east": {"uv": [0.25, 2.875, 0.75, 3], "texture": "#0"},
				"south": {"uv": [0.25, 2.875, 0.75, 3], "texture": "#0"},
				"west": {"uv": [0.25, 2.875, 0.75, 3], "texture": "#0"},
				"up": {"uv": [3.375, 6.5, 3, 7], "texture": "#0"},
				"down": {"uv": [3.375, 6.5, 3, 7], "texture": "#0"}
			}
		},
		{
			"from": [7.25, -12.5, 7],
			"to": [8.75, -12, 9],
			"rotation": {"angle": 0, "axis": "y", "origin": [-0.5, -2, 0]},
			"faces": {
				"north": {"uv": [0.375, 6.75, 0.875, 6.875], "texture": "#0"},
				"east": {"uv": [0.375, 6.75, 0.875, 6.875], "texture": "#0"},
				"south": {"uv": [0.375, 6.75, 0.875, 6.875], "texture": "#0"},
				"west": {"uv": [0.375, 6.75, 0.875, 6.875], "texture": "#0"}
			}
		},
		{
			"from": [7.25, -12.5, 7],
			"to": [8.75, -12, 9],
			"rotation": {"angle": 0, "axis": "y", "origin": [-0.5, -2, 0]},
			"faces": {
				"north": {"uv": [0.375, 6.75, 0.875, 6.875], "texture": "#0"},
				"east": {"uv": [0.375, 6.75, 0.875, 6.875], "texture": "#0"},
				"south": {"uv": [0.375, 6.75, 0.875, 6.875], "texture": "#0"},
				"west": {"uv": [0.375, 6.75, 0.875, 6.875], "texture": "#0"}
			}
		},
		{
			"from": [7, -15.5, 6.5],
			"to": [9, -12.5, 9.5],
			"rotation": {"angle": 0, "axis": "y", "origin": [-0.5, -2, 0]},
			"faces": {
				"north": {"uv": [2.25, 7, 2.75, 7.75], "texture": "#0"},
				"east": {"uv": [2.25, 6.25, 3, 7], "texture": "#0"},
				"south": {"uv": [2.25, 7, 2.75, 7.75], "texture": "#0"},
				"west": {"uv": [2.25, 6.25, 3, 7], "texture": "#0"},
				"up": {"uv": [3, 9, 2.5, 9.75], "texture": "#0"},
				"down": {"uv": [3.25, 7, 2.75, 7.75], "texture": "#0"}
			}
		},
		{
			"from": [7.25, -16, 7],
			"to": [8.75, -15.5, 9],
			"rotation": {"angle": 0, "axis": "y", "origin": [-0.5, -2, 0]},
			"faces": {
				"north": {"uv": [0.25, 2.875, 0.75, 3], "texture": "#0"},
				"east": {"uv": [0.25, 2.875, 0.75, 3], "texture": "#0"},
				"south": {"uv": [0.25, 2.875, 0.75, 3], "texture": "#0"},
				"west": {"uv": [0.25, 2.875, 0.75, 3], "texture": "#0"},
				"up": {"uv": [3.375, 6.5, 3, 7], "texture": "#0"},
				"down": {"uv": [3.375, 6.5, 3, 7], "texture": "#0"}
			}
		},
		{
			"from": [7, 26.6, 6.5],
			"to": [9, 29.6, 9.5],
			"rotation": {"angle": 0, "axis": "y", "origin": [-0.5, 14.6, 0]},
			"faces": {
				"north": {"uv": [2.25, 7.75, 2.75, 7], "texture": "#0"},
				"east": {"uv": [2.25, 7, 3, 6.25], "texture": "#0"},
				"south": {"uv": [2.25, 7.75, 2.75, 7], "texture": "#0"},
				"west": {"uv": [2.25, 7, 3, 6.25], "texture": "#0"},
				"up": {"uv": [3.25, 7.75, 2.75, 7], "texture": "#0"},
				"down": {"uv": [3, 9.75, 2.5, 9], "texture": "#0"}
			}
		},
		{
			"from": [7.25, 26.1, 7],
			"to": [8.75, 26.6, 9],
			"rotation": {"angle": 0, "axis": "y", "origin": [-0.5, 14.6, 0]},
			"faces": {
				"north": {"uv": [0.375, 6.875, 0.875, 6.75], "texture": "#0"},
				"east": {"uv": [0.375, 6.875, 0.875, 6.75], "texture": "#0"},
				"south": {"uv": [0.375, 6.875, 0.875, 6.75], "texture": "#0"},
				"west": {"uv": [0.375, 6.875, 0.875, 6.75], "texture": "#0"}
			}
		},
		{
			"from": [10.5, 7, 5.5],
			"to": [11.5, 11, 7],
			"rotation": {"angle": 0, "axis": "y", "origin": [0.5, 2.6, 16]},
			"faces": {
				"north": {"uv": [0.625, 7, 0.375, 8], "texture": "#0"},
				"east": {"uv": [0.375, 7, 0, 8], "texture": "#0"},
				"south": {"uv": [0.375, 7, 0.625, 8], "texture": "#0"},
				"west": {"uv": [0.375, 7, 0, 8], "texture": "#0"},
				"up": {"uv": [0.625, 7.375, 0.875, 7], "texture": "#0"},
				"down": {"uv": [0.625, 7.375, 0.875, 7], "texture": "#0"}
			}
		},
		{
			"from": [10.5, 7, 9],
			"to": [11.5, 11, 10.5],
			"rotation": {"angle": 0, "axis": "y", "origin": [0.5, 2.6, 16]},
			"faces": {
				"north": {"uv": [0.625, 7, 0.375, 8], "texture": "#0"},
				"east": {"uv": [0, 7, 0.375, 8], "texture": "#0"},
				"south": {"uv": [0.375, 7, 0.625, 8], "texture": "#0"},
				"west": {"uv": [0, 7, 0.375, 8], "texture": "#0"},
				"up": {"uv": [0.625, 7, 0.875, 7.375], "texture": "#0"},
				"down": {"uv": [0.625, 7, 0.875, 7.375], "texture": "#0"}
			}
		},
		{
			"from": [10.5, 3, 5.5],
			"to": [12.5, 7, 10.5],
			"rotation": {"angle": 0, "axis": "y", "origin": [0.5, 2.6, 16]},
			"faces": {
				"north": {"uv": [0, 5.75, 0.5, 6.75], "texture": "#0"},
				"east": {"uv": [1.75, 5.75, 0.5, 6.75], "texture": "#0"},
				"south": {"uv": [0.5, 5.75, 0, 6.75], "texture": "#0"},
				"west": {"uv": [1.75, 5.75, 0.5, 6.75], "texture": "#0"},
				"up": {"uv": [0.875, 8, 1.375, 6.75], "texture": "#0"},
				"down": {"uv": [0.875, 8, 1.375, 6.75], "texture": "#0"}
			}
		},
		{
			"from": [4.5, 7, 9],
			"to": [5.5, 11, 10.5],
			"rotation": {"angle": 0, "axis": "y", "origin": [0.5, 2.6, 16]},
			"faces": {
				"north": {"uv": [0.375, 7, 0.625, 8], "texture": "#0"},
				"east": {"uv": [0.375, 7, 0, 8], "texture": "#0"},
				"south": {"uv": [0.625, 7, 0.375, 8], "texture": "#0"},
				"west": {"uv": [0.375, 7, 0, 8], "texture": "#0"},
				"up": {"uv": [0.875, 7, 0.625, 7.375], "texture": "#0"},
				"down": {"uv": [0.875, 7, 0.625, 7.375], "texture": "#0"}
			}
		},
		{
			"from": [6.5, 24, 6],
			"to": [9.5, 26, 10],
			"rotation": {"angle": 0, "axis": "y", "origin": [-0.5, -1, 0]},
			"faces": {
				"north": {"uv": [2.5, 8.5, 3.25, 9], "texture": "#0"},
				"east": {"uv": [2.25, 8, 3.25, 8.5], "texture": "#0"},
				"south": {"uv": [2.5, 8.5, 3.25, 9], "texture": "#0"},
				"west": {"uv": [2.25, 8, 3.25, 8.5], "texture": "#0"},
				"up": {"uv": [2.25, 7.75, 1.5, 6.75], "texture": "#0"},
				"down": {"uv": [2.25, 7.75, 1.5, 6.75], "texture": "#0"}
			}
		},
		{
			"from": [7.5, 3, 7],
			"to": [8.5, 25, 9],
			"rotation": {"angle": 0, "axis": "y", "origin": [-0.5, -2, 0]},
			"faces": {
				"north": {"uv": [11, 10.5, 11.25, 16], "texture": "#0"},
				"east": {"uv": [11.25, 10.5, 11.75, 16], "texture": "#0"},
				"south": {"uv": [11, 10.5, 11.25, 16], "texture": "#0"},
				"west": {"uv": [11.25, 10.5, 11.75, 16], "texture": "#0"},
				"up": {"uv": [5.25, 1, 5.5, 1.5], "texture": "#0"},
				"down": {"uv": [5.25, 1, 5.5, 1.5], "texture": "#0"}
			}
		},
		{
			"from": [4.5, 7, 5.5],
			"to": [5.5, 11, 7],
			"rotation": {"angle": 0, "axis": "y", "origin": [0.5, 2.6, 16]},
			"faces": {
				"north": {"uv": [0.375, 7, 0.625, 8], "texture": "#0"},
				"east": {"uv": [0, 7, 0.375, 8], "texture": "#0"},
				"south": {"uv": [0.625, 7, 0.375, 8], "texture": "#0"},
				"west": {"uv": [0, 7, 0.375, 8], "texture": "#0"},
				"up": {"uv": [0.875, 7.375, 0.625, 7], "texture": "#0"},
				"down": {"uv": [0.875, 7.375, 0.625, 7], "texture": "#0"}
			}
		},
		{
			"from": [3.5, 3, 5.5],
			"to": [5.5, 7, 10.5],
			"rotation": {"angle": 0, "axis": "y", "origin": [0.5, 2.6, 16]},
			"faces": {
				"north": {"uv": [0.5, 5.75, 0, 6.75], "texture": "#0"},
				"east": {"uv": [0.5, 5.75, 1.75, 6.75], "texture": "#0"},
				"south": {"uv": [0, 5.75, 0.5, 6.75], "texture": "#0"},
				"west": {"uv": [0.5, 5.75, 1.75, 6.75], "texture": "#0"},
				"up": {"uv": [1.375, 8, 0.875, 6.75], "texture": "#0"},
				"down": {"uv": [1.375, 8, 0.875, 6.75], "texture": "#0"}
			}
		},
		{
			"from": [5.25, 3.5, 4],
			"to": [10.75, 5, 9.5],
			"rotation": {"angle": 0, "axis": "y", "origin": [-0.5, 11.6, 17]},
			"faces": {
				"north": {"uv": [1.3, 12.5, 0, 12.125], "texture": "#0"},
				"east": {"uv": [1.375, 10.375, 0, 10], "texture": "#0"},
				"south": {"uv": [1.3, 12.5, 0, 12.125], "texture": "#0"},
				"west": {"uv": [1.375, 10.375, 0, 10], "texture": "#0"},
				"up": {"uv": [1.3, 11.75, 0, 10.375], "texture": "#0"},
				"down": {"uv": [1.3, 11.75, 0, 10.375], "texture": "#0"}
			}
		},
		{
			"from": [5.25, 3.5, 6.5],
			"to": [10.75, 5, 12],
			"rotation": {"angle": 0, "axis": "y", "origin": [-0.5, 11.6, -1]},
			"faces": {
				"north": {"uv": [0, 12.5, 1.3, 12.125], "texture": "#0"},
				"east": {"uv": [0, 10.375, 1.375, 10], "texture": "#0"},
				"south": {"uv": [0, 12.5, 1.3, 12.125], "texture": "#0"},
				"west": {"uv": [0, 10.375, 1.375, 10], "texture": "#0"},
				"up": {"uv": [1.3, 10.375, 0, 11.75], "texture": "#0"},
				"down": {"uv": [1.3, 10.375, 0, 11.75], "texture": "#0"}
			}
		},
		{
			"from": [6.5, -3, 6],
			"to": [9.5, -1, 10],
			"rotation": {"angle": 0, "axis": "y", "origin": [-0.5, -2, 0]},
			"faces": {
				"north": {"uv": [2.5, 8.5, 3.25, 9], "texture": "#0"},
				"east": {"uv": [2.25, 8, 3.25, 8.5], "texture": "#0"},
				"south": {"uv": [2.5, 8.5, 3.25, 9], "texture": "#0"},
				"west": {"uv": [2.25, 8, 3.25, 8.5], "texture": "#0"},
				"up": {"uv": [2.25, 7.75, 1.5, 6.75], "texture": "#0"},
				"down": {"uv": [2.25, 7.75, 1.5, 6.75], "texture": "#0"}
			}
		},
		{
			"from": [6, 1.4, 5.5],
			"to": [10, 2.4, 10.5],
			"rotation": {"angle": 0, "axis": "y", "origin": [-0.5, 0, 0]},
			"faces": {
				"north": {"uv": [1, 14.75, 2, 15], "texture": "#0"},
				"east": {"uv": [1, 14.5, 2.25, 14.75], "texture": "#0"},
				"south": {"uv": [1, 14.75, 2, 15], "texture": "#0"},
				"west": {"uv": [1, 14.5, 2.25, 14.75], "texture": "#0"},
				"up": {"uv": [3, 14.75, 2, 16], "texture": "#0"},
				"down": {"uv": [3, 14.75, 2, 16], "texture": "#0"}
			}
		},
		{
			"from": [5.5, 2.4, 4.5],
			"to": [10.5, 8.4, 11.5],
			"rotation": {"angle": 0, "axis": "y", "origin": [-0.5, 0, 0]},
			"faces": {
				"north": {"uv": [1.75, 2.75, 3, 4.25], "texture": "#0"},
				"east": {"uv": [0, 4.25, 1.75, 5.75], "texture": "#0"},
				"south": {"uv": [1.75, 2.75, 3, 4.25], "texture": "#0"},
				"west": {"uv": [0, 4.25, 1.75, 5.75], "texture": "#0"},
				"up": {"uv": [3, 6, 1.75, 4.25], "texture": "#0"},
				"down": {"uv": [3, 6, 1.75, 4.25], "texture": "#0"}
			}
		},
		{
			"from": [6, 8.4, 5.5],
			"to": [10, 9.9, 10.5],
			"rotation": {"angle": 0, "axis": "y", "origin": [-0.5, 0, 0]},
			"faces": {
				"north": {"uv": [0, 14, 1, 14.375], "texture": "#0"},
				"east": {"uv": [0, 15.625, 1.25, 16], "texture": "#0"},
				"south": {"uv": [0, 14, 1, 14.375], "texture": "#0"},
				"west": {"uv": [0, 15.625, 1.25, 16], "texture": "#0"},
				"up": {"uv": [1, 15.625, 0, 14.375], "texture": "#0"},
				"down": {"uv": [1, 15.625, 0, 14.375], "texture": "#0"}
			}
		},
		{
			"from": [6.5, 9.9, 6.5],
			"to": [9.5, 10.9, 9.5],
			"rotation": {"angle": 0, "axis": "y", "origin": [-0.5, 0, 0]},
			"faces": {
				"north": {"uv": [1.25, 15, 2, 15.25], "texture": "#0"},
				"east": {"uv": [1.25, 15, 2, 15.25], "texture": "#0"},
				"south": {"uv": [1.25, 15, 2, 15.25], "texture": "#0"},
				"west": {"uv": [1.25, 15, 2, 15.25], "texture": "#0"},
				"up": {"uv": [2, 16, 1.25, 15.25], "texture": "#0"},
				"down": {"uv": [2, 16, 1.25, 15.25], "texture": "#0"}
			}
		},
		{
			"from": [6.5, -12, 6],
			"to": [9.5, -10, 10],
			"rotation": {"angle": 0, "axis": "y", "origin": [-0.5, -2, 0]},
			"faces": {
				"north": {"uv": [2.5, 8.5, 3.25, 9], "texture": "#0"},
				"east": {"uv": [2.25, 8, 3.25, 8.5], "texture": "#0"},
				"south": {"uv": [2.5, 8.5, 3.25, 9], "texture": "#0"},
				"west": {"uv": [2.25, 8, 3.25, 8.5], "texture": "#0"},
				"up": {"uv": [2.25, 7.75, 1.5, 6.75], "texture": "#0"},
				"down": {"uv": [2.25, 7.75, 1.5, 6.75], "texture": "#0"}
			}
		},
		{
			"from": [6.5, -0.5, 5],
			"to": [9.5, 1.5, 11],
			"rotation": {"angle": 0, "axis": "y", "origin": [-0.5, -2, 0]},
			"faces": {
				"north": {"uv": [0, 9.5, 0.75, 10], "texture": "#0"},
				"east": {"uv": [0.75, 8, 2.25, 8.5], "texture": "#0"},
				"south": {"uv": [0, 9.5, 0.75, 10], "texture": "#0"},
				"west": {"uv": [0.75, 8, 2.25, 8.5], "texture": "#0"},
				"up": {"uv": [0.75, 9.5, 0, 8], "texture": "#0"},
				"down": {"uv": [0.75, 9.5, 0, 8], "texture": "#0"}
			}
		},
		{
			"from": [5.5, -1.5, 6.75],
			"to": [10.5, 1, 9.25],
			"rotation": {"angle": 0, "axis": "y", "origin": [0, -10, 0]},
			"faces": {
				"north": {"uv": [4.625, 0.75, 5.875, 0.125], "texture": "#0"},
				"east": {"uv": [4, 1.5, 4.625, 2.125], "texture": "#0"},
				"south": {"uv": [4.625, 0.75, 5.875, 0.125], "texture": "#0"},
				"west": {"uv": [4, 1.5, 4.625, 2.125], "texture": "#0"},
				"up": {"uv": [4, 0.875, 5.25, 1.5], "texture": "#0"},
				"down": {"uv": [4, 0.875, 5.25, 1.5], "texture": "#0"}
			}
		},
		{
			"from": [6.5, 26.5, 6.75],
			"to": [9.5, 29, 9.25],
			"rotation": {"angle": 45, "axis": "x", "origin": [8, 27.75, 8]},
			"faces": {
				"north": {"uv": [4.625, 0.75, 5.375, 0.125], "texture": "#0"},
				"east": {"uv": [4, 1.5, 4.625, 2.125], "texture": "#0"},
				"south": {"uv": [4.625, 0.75, 5.375, 0.125], "texture": "#0"},
				"west": {"uv": [4, 1.5, 4.625, 2.125], "texture": "#0"},
				"up": {"uv": [4, 0.875, 4.75, 1.5], "texture": "#0"},
				"down": {"uv": [4, 0.875, 4.75, 1.5], "texture": "#0"}
			}
		},
		{
			"from": [7.1, 27.5, 6.2],
			"to": [8.9, 30, 8.7],
			"rotation": {"angle": -22.5, "axis": "x", "origin": [8, 30, 6.2]},
			"faces": {
				"north": {"uv": [2.25, 13.75, 1.75, 14.5], "rotation": 180, "texture": "#0"},
				"east": {"uv": [2.25, 14.75, 3, 14.125], "rotation": 270, "texture": "#0"},
				"south": {"uv": [2.25, 13.75, 1.75, 14.5], "rotation": 180, "texture": "#0"},
				"west": {"uv": [2.25, 14.75, 3, 14.125], "rotation": 270, "texture": "#0"},
				"up": {"uv": [1.75, 13.75, 2.25, 13.125], "texture": "#0"},
				"down": {"uv": [1.75, 13.75, 2.25, 13.125], "texture": "#0"}
			}
		},
		{
			"from": [7.2, 28.5, 5.7],
			"to": [8.7, 31.5, 8.2],
			"rotation": {"angle": -45, "axis": "x", "origin": [8, 30, 6.2]},
			"faces": {
				"north": {"uv": [1.75, 13.75, 1.375, 14.5], "rotation": 180, "texture": "#0"},
				"east": {"uv": [2.25, 14.125, 3, 13.5], "rotation": 270, "texture": "#0"},
				"south": {"uv": [1.75, 13.75, 1.375, 14.5], "rotation": 180, "texture": "#0"},
				"west": {"uv": [2.25, 14.125, 3, 13.5], "rotation": 270, "texture": "#0"},
				"up": {"uv": [1.375, 13.75, 1.75, 13.125], "texture": "#0"},
				"down": {"uv": [1.375, 13.75, 1.75, 13.125], "texture": "#0"}
			}
		},
		{
			"from": [7.5, 30, 3.2],
			"to": [8.5, 31.5, 6.7],
			"rotation": {"angle": -22.5, "axis": "x", "origin": [8, 31.25, 4.95]},
			"faces": {
				"north": {"uv": [0.875, 12.875, 1.125, 12.5], "rotation": 180, "texture": "#0"},
				"east": {"uv": [2, 12.875, 1.125, 12.5], "rotation": 180, "texture": "#0"},
				"south": {"uv": [0.875, 12.875, 1.125, 12.5], "rotation": 180, "texture": "#0"},
				"west": {"uv": [1.125, 12.875, 2, 12.5], "rotation": 180, "texture": "#0"},
				"up": {"uv": [2.5, 12.625, 2.25, 13.5], "rotation": 180, "texture": "#0"},
				"down": {"uv": [2.5, 12.625, 2.25, 13.5], "rotation": 180, "texture": "#0"}
			}
		},
		{
			"from": [8, 9, -0.5],
			"to": [8, 13.5, 2],
			"rotation": {"angle": 22.5, "axis": "x", "origin": [0, 0, 0]},
			"faces": {
				"north": {"uv": [0, 0, 0, 1], "texture": "#missing"},
				"east": {"uv": [3.875, 7.375, 3.25, 8.5], "texture": "#0"},
				"south": {"uv": [0, 0, 0, 1], "texture": "#missing"},
				"west": {"uv": [3.25, 7.375, 3.875, 8.5], "texture": "#0"},
				"up": {"uv": [0, 0, 0, 0.625], "texture": "#missing"},
				"down": {"uv": [0, 0, 0, 0.625], "texture": "#missing"}
			}
		},
		{
			"from": [8, 12.5, 4.5],
			"to": [8, 17, 7],
			"faces": {
				"north": {"uv": [0, 0, 0, 1], "texture": "#missing"},
				"east": {"uv": [3.875, 7.375, 3.25, 8.5], "texture": "#0"},
				"south": {"uv": [0, 0, 0, 1], "texture": "#missing"},
				"west": {"uv": [3.25, 7.375, 3.875, 8.5], "texture": "#0"},
				"up": {"uv": [0, 0, 0, 0.625], "texture": "#missing"},
				"down": {"uv": [0, 0, 0, 0.625], "texture": "#missing"}
			}
		},
		{
			"from": [8, 17, 5],
			"to": [8, 21.5, 7.5],
			"faces": {
				"north": {"uv": [0, 0, 0, 1], "texture": "#missing"},
				"east": {"uv": [3.875, 7.375, 3.25, 8.5], "texture": "#0"},
				"south": {"uv": [0, 0, 0, 1], "texture": "#missing"},
				"west": {"uv": [3.25, 7.375, 3.875, 8.5], "texture": "#0"},
				"up": {"uv": [0, 0, 0, 0.625], "texture": "#missing"},
				"down": {"uv": [0, 0, 0, 0.625], "texture": "#missing"}
			}
		},
		{
			"from": [8, 21.5, 5],
			"to": [8, 26, 7.5],
			"faces": {
				"north": {"uv": [0, 0, 0, 1], "texture": "#missing"},
				"east": {"uv": [3.875, 7.375, 3.25, 8.5], "texture": "#0"},
				"south": {"uv": [0, 0, 0, 1], "texture": "#missing"},
				"west": {"uv": [3.25, 7.375, 3.875, 8.5], "texture": "#0"},
				"up": {"uv": [0, 0, 0, 0.625], "texture": "#missing"},
				"down": {"uv": [0, 0, 0, 0.625], "texture": "#missing"}
			}
		},
		{
			"from": [8, 21.5, 14.5],
			"to": [8, 26, 17],
			"rotation": {"angle": -22.5, "axis": "x", "origin": [0, 0, 0]},
			"faces": {
				"north": {"uv": [0, 0, 0, 1], "texture": "#missing"},
				"east": {"uv": [3.875, 7.375, 3.25, 8.5], "texture": "#0"},
				"south": {"uv": [0, 0, 0, 1], "texture": "#missing"},
				"west": {"uv": [3.25, 7.375, 3.875, 8.5], "texture": "#0"},
				"up": {"uv": [0, 0, 0, 0.625], "texture": "#missing"},
				"down": {"uv": [0, 0, 0, 0.625], "texture": "#missing"}
			}
		},
		{
			"from": [7.75, 12, 6],
			"to": [8.25, 13, 6.5],
			"faces": {
				"north": {"uv": [4.75, 6.75, 4.875, 7], "texture": "#0"},
				"east": {"uv": [4.75, 6.75, 4.875, 7], "texture": "#0"},
				"south": {"uv": [5.375, 5.25, 5.5, 5.5], "texture": "#0"},
				"west": {"uv": [4.75, 6.75, 4.875, 7], "texture": "#0"},
				"up": {"uv": [4.875, 6.75, 5, 6.875], "texture": "#0"},
				"down": {"uv": [4.875, 6.75, 5, 6.875], "texture": "#0"}
			}
		},
		{
			"from": [7.25, 12, 6.5],
			"to": [8.75, 13, 9.5],
			"faces": {
				"north": {"uv": [4.25, 6, 4.625, 6.25], "texture": "#0"},
				"east": {"uv": [4.75, 6.75, 5.5, 7], "texture": "#0"},
				"south": {"uv": [4.25, 6, 4.625, 6.25], "texture": "#0"},
				"west": {"uv": [4.75, 6.75, 5.5, 7], "texture": "#0"},
				"up": {"uv": [4.25, 6.25, 4.625, 7], "texture": "#0"},
				"down": {"uv": [4.25, 6.25, 4.625, 7], "texture": "#0"}
			}
		},
		{
			"from": [7.25, 16.5, 6.5],
			"to": [8.75, 17.5, 9.5],
			"faces": {
				"north": {"uv": [4.25, 6, 4.625, 6.25], "texture": "#0"},
				"east": {"uv": [4.75, 6.75, 5.5, 7], "texture": "#0"},
				"south": {"uv": [4.25, 6, 4.625, 6.25], "texture": "#0"},
				"west": {"uv": [4.75, 6.75, 5.5, 7], "texture": "#0"},
				"up": {"uv": [4.25, 6.25, 4.625, 7], "texture": "#0"},
				"down": {"uv": [4.25, 6.25, 4.625, 7], "texture": "#0"}
			}
		},
		{
			"from": [7.25, 21, 6.5],
			"to": [8.75, 22, 9.5],
			"faces": {
				"north": {"uv": [4.25, 6, 4.625, 6.25], "texture": "#0"},
				"east": {"uv": [4.75, 6.75, 5.5, 7], "texture": "#0"},
				"south": {"uv": [4.25, 6, 4.625, 6.25], "texture": "#0"},
				"west": {"uv": [4.75, 6.75, 5.5, 7], "texture": "#0"},
				"up": {"uv": [4.25, 6.25, 4.625, 7], "texture": "#0"},
				"down": {"uv": [4.25, 6.25, 4.625, 7], "texture": "#0"}
			}
		},
		{
			"from": [9, 11.5, 9.5],
			"to": [9, 15.5, 12.5],
			"rotation": {"angle": -45, "axis": "x", "origin": [-0.5, 0, 16]},
			"faces": {
				"north": {"uv": [0, 0, 0, 1], "texture": "#missing"},
				"east": {"uv": [0, 13, 0.75, 14], "texture": "#0"},
				"south": {"uv": [0, 0, 0, 1], "texture": "#missing"},
				"west": {"uv": [0.75, 13, 0, 14], "texture": "#0"},
				"up": {"uv": [0, 0.75, 0, 0], "texture": "#missing"},
				"down": {"uv": [0, 0.75, 0, 0], "texture": "#missing"}
			}
		},
		{
			"from": [7, 13, 7.5],
			"to": [7, 16, 9.5],
			"rotation": {"angle": 45, "axis": "x", "origin": [-0.5, 5, 0]},
			"faces": {
				"north": {"uv": [0, 0, 0, 0.75], "texture": "#missing"},
				"east": {"uv": [1.25, 13.25, 0.75, 14], "texture": "#0"},
				"south": {"uv": [0, 0, 0, 0.75], "texture": "#missing"},
				"west": {"uv": [0.75, 13.25, 1.25, 14], "texture": "#0"},
				"up": {"uv": [0, 0, 0, 0.5], "texture": "#missing"},
				"down": {"uv": [0, 0, 0, 0.5], "texture": "#missing"}
			}
		},
		{
			"from": [6.8, 28, 0],
			"to": [6.8, 31, 2],
			"rotation": {"angle": 22.5, "axis": "x", "origin": [-0.5, 5, 0]},
			"faces": {
				"north": {"uv": [0, 0, 0, 0.75], "texture": "#missing"},
				"east": {"uv": [1.25, 13.25, 0.75, 14], "texture": "#0"},
				"south": {"uv": [0, 0, 0, 0.75], "texture": "#missing"},
				"west": {"uv": [0.75, 13.25, 1.25, 14], "texture": "#0"},
				"up": {"uv": [0, 0, 0, 0.5], "texture": "#missing"},
				"down": {"uv": [0, 0, 0, 0.5], "texture": "#missing"}
			}
		},
		{
			"from": [3.4, 3, 5],
			"to": [3.4, 7, 11],
			"faces": {
				"north": {"uv": [0, 0, 0, 8], "texture": "#1"},
				"east": {"uv": [0, 0, 12, 8], "texture": "#1"},
				"south": {"uv": [0, 0, 0, 8], "texture": "#1"},
				"west": {"uv": [0, 0, 12, 8], "texture": "#1"},
				"up": {"uv": [0, 0, 0, 12], "texture": "#1"},
				"down": {"uv": [0, 0, 0, 12], "texture": "#1"}
			}
		},
		{
			"from": [12.6, 3, 5],
			"to": [12.6, 7, 11],
			"rotation": {"angle": 0, "axis": "y", "origin": [16, 0, 0]},
			"faces": {
				"north": {"uv": [0, 0, 0, 8], "texture": "#1"},
				"east": {"uv": [12, 0, 0, 8], "texture": "#1"},
				"south": {"uv": [0, 0, 0, 8], "texture": "#1"},
				"west": {"uv": [12, 0, 0, 8], "texture": "#1"},
				"up": {"uv": [0, 0, 0, 12], "texture": "#1"},
				"down": {"uv": [0, 0, 0, 12], "texture": "#1"}
			}
		},
		{
			"from": [4.9, -3, 5.2],
			"to": [4.9, 3, 11.2],
			"rotation": {"angle": 0, "axis": "y", "origin": [16, 0, 0]},
			"faces": {
				"north": {"uv": [0, 12, 0, 0], "texture": "#2"},
				"east": {"uv": [0, 0, 12, 12], "texture": "#2"},
				"south": {"uv": [0, 12, 0, 0], "texture": "#2"},
				"west": {"uv": [12, 0, 0, 12], "texture": "#2"},
				"up": {"uv": [0, 12, 0, 0], "rotation": 180, "texture": "#2"},
				"down": {"uv": [0, 12, 0, 0], "rotation": 180, "texture": "#2"}
			}
		},
		{
			"from": [11.1, -3, 5.2],
			"to": [11.1, 3, 11.2],
			"faces": {
				"north": {"uv": [0, 12, 0, 0], "texture": "#2"},
				"east": {"uv": [0, 0, 12, 12], "texture": "#2"},
				"south": {"uv": [0, 12, 0, 0], "texture": "#2"},
				"west": {"uv": [12, 0, 0, 12], "texture": "#2"},
				"up": {"uv": [0, 12, 0, 0], "rotation": 180, "texture": "#2"},
				"down": {"uv": [0, 12, 0, 0], "rotation": 180, "texture": "#2"}
			}
		}
	],
	"gui_light": "front",
	"display": {
		"thirdperson_righthand": {
			"translation": [0, 7.25, 1.75],
			"scale": [0.63945, 0.63945, 0.63945]
		},
		"thirdperson_lefthand": {
			"translation": [0, 7.25, 1.75],
			"scale": [0.63945, 0.63945, 0.63945]
		},
		"firstperson_righthand": {
			"translation": [0.5, 6.75, 2.25],
			"scale": [0.33984, 0.33984, 0.33984]
		},
		"firstperson_lefthand": {
			"translation": [0.5, 6.75, 2.25],
			"scale": [0.33984, 0.33984, 0.33984]
		},
		"ground": {
			"rotation": [-45, 0, 0],
			"translation": [0, 10, 0],
			"scale": [0.42461, 0.42461, 0.42461]
		},
		"gui": {
			"rotation": [-90, -45, -90],
			"translation": [-2, 0.5, 0],
			"scale": [0.32969, 0.32969, 0.32969]
		},
		"head": {
			"scale": [0, 0, 0]
		},
		"fixed": {
			"rotation": [0, 90, 0],
			"translation": [0, 5, -1.5],
			"scale": [1.32227, 1.32227, 1.32227]
		}
	}
}