{"credit":"MadewithBlockbench","texture_size":[8,8],"textures":{"0":"custom:easterbunny_weapon_set/items/texture_01","1":"custom:easterbunny_weapon_set/items/texture_animation_01","2":"custom:easterbunny_weapon_set/items/texture_animation_02","particle":"custom:easterbunny_weapon_set/items/texture_01"},"elements":[{"from":[7,-9,6.5],"to":[9,0,9.5],"rotation":{"angle":0,"axis":"y","origin":[-0.5,0,0]},"faces":{"north":{"uv":[4.25,2.75,4.75,5],"texture":"#0"},"east":{"uv":[3,2.75,3.75,5],"texture":"#0"},"south":{"uv":[3.75,2.75,4.25,5],"texture":"#0"},"west":{"uv":[3,2.75,3.75,5],"texture":"#0"},"up":{"uv":[2.25,6.75,1.75,6],"texture":"#0"},"down":{"uv":[2.25,6.75,1.75,6],"texture":"#0"}}},{"from":[8,7.4,6],"to":[8,10.4,10],"rotation":{"angle":22.5,"axis":"x","origin":[-0.5,0,-1]},"faces":{"north":{"uv":[0,0,0,0.75],"rotation":180,"texture":"#missing"},"east":{"uv":[0.75,13,0,14],"rotation":270,"texture":"#0"},"south":{"uv":[0,0,0,0.75],"texture":"#missing"},"west":{"uv":[0,13,0.75,14],"rotation":90,"texture":"#0"},"up":{"uv":[0,0,0,1],"rotation":180,"texture":"#missing"},"down":{"uv":[0,0,0,1],"texture":"#missing"}}},{"from":[8,9.8,10],"to":[8,11.8,13],"rotation":{"angle":-45,"axis":"x","origin":[-0.5,0,15]},"faces":{"north":{"uv":[0,0.5,0,0],"rotation":180,"texture":"#missing"},"east":{"uv":[0.75,13.25,1.25,14],"rotation":90,"texture":"#0"},"south":{"uv":[0,0.5,0,0],"texture":"#missing"},"west":{"uv":[1.25,13.25,0.75,14],"rotation":270,"texture":"#0"},"up":{"uv":[0,0,0,0.75],"texture":"#missing"},"down":{"uv":[0,0,0,0.75],"rotation":180,"texture":"#missing"}}},{"from":[7,-13.5,6.5],"to":[9,-10.5,9.5],"rotation":{"angle":0,"axis":"y","origin":[-0.5,0,0]},"faces":{"north":{"uv":[2.25,7,2.75,7.75],"texture":"#0"},"east":{"uv":[2.25,6.25,3,7],"texture":"#0"},"south":{"uv":[2.25,7,2.75,7.75],"texture":"#0"},"west":{"uv":[2.25,6.25,3,7],"texture":"#0"},"up":{"uv":[3,9,2.5,9.75],"texture":"#0"},"down":{"uv":[3.25,7,2.75,7.75],"texture":"#0"}}},{"from":[7.25,-14,7],"to":[8.75,-13.5,9],"rotation":{"angle":0,"axis":"y","origin":[-0.5,0,0]},"faces":{"north":{"uv":[0.25,2.875,0.75,3],"texture":"#0"},"east":{"uv":[0.25,2.875,0.75,3],"texture":"#0"},"south":{"uv":[0.25,2.875,0.75,3],"texture":"#0"},"west":{"uv":[0.25,2.875,0.75,3],"texture":"#0"},"up":{"uv":[3.375,6.5,3,7],"texture":"#0"},"down":{"uv":[3.375,6.5,3,7],"texture":"#0"}}},{"from":[7.25,-10.5,7],"to":[8.75,-10,9],"rotation":{"angle":0,"axis":"y","origin":[-0.5,0,0]},"faces":{"north":{"uv":[0.375,6.75,0.875,6.875],"texture":"#0"},"east":{"uv":[0.375,6.75,0.875,6.875],"texture":"#0"},"south":{"uv":[0.375,6.75,0.875,6.875],"texture":"#0"},"west":{"uv":[0.375,6.75,0.875,6.875],"texture":"#0"}}},{"from":[6.4,1,8.5],"to":[9.6,3,14.5],"rotation":{"angle":-22.5,"axis":"x","origin":[8,2,11]},"faces":{"north":{"uv":[0,9.5,0.75,10],"texture":"#0"},"east":{"uv":[0.75,8,2.25,8.5],"texture":"#0"},"south":{"uv":[0,9.5,0.75,10],"texture":"#0"},"west":{"uv":[2.25,8,0.75,8.5],"texture":"#0"},"up":{"uv":[0.75,9.5,0,8],"texture":"#0"},"down":{"uv":[0.75,9.5,0,8],"texture":"#0"}}},{"from":[6.4,1,1.5],"to":[9.6,3,7.5],"rotation":{"angle":22.5,"axis":"x","origin":[8,2,5]},"faces":{"north":{"uv":[0,9.5,0.75,10],"texture":"#0"},"east":{"uv":[2.25,8,0.75,8.5],"texture":"#0"},"south":{"uv":[0,9.5,0.75,10],"texture":"#0"},"west":{"uv":[0.75,8,2.25,8.5],"texture":"#0"},"up":{"uv":[0.75,9.5,0,8],"texture":"#0"},"down":{"uv":[0.75,9.5,0,8],"texture":"#0"}}},{"from":[6,2.5,5.5],"to":[8,6.5,10.5],"rotation":{"angle":0,"axis":"y","origin":[-0.5,0,0]},"faces":{"north":{"uv":[0.5,5.75,0,6.75],"texture":"#0"},"east":{"uv":[0.5,5.75,1.75,6.75],"texture":"#0"},"south":{"uv":[0,5.75,0.5,6.75],"texture":"#0"},"west":{"uv":[0.5,5.75,1.75,6.75],"texture":"#0"},"up":{"uv":[1.375,8,0.875,6.75],"texture":"#0"},"down":{"uv":[1.375,8,0.875,6.75],"texture":"#0"}}},{"from":[7,6.5,5.5],"to":[8,10.5,7],"rotation":{"angle":0,"axis":"y","origin":[-0.5,0,0]},"faces":{"north":{"uv":[0.375,7,0.625,8],"texture":"#0"},"east":{"uv":[0,7,0.375,8],"texture":"#0"},"south":{"uv":[0.625,7,0.375,8],"texture":"#0"},"west":{"uv":[0,7,0.375,8],"texture":"#0"},"up":{"uv":[0.875,7.375,0.625,7],"texture":"#0"},"down":{"uv":[0.875,7.375,0.625,7],"texture":"#0"}}},{"from":[7,6.5,9],"to":[8,10.5,10.5],"rotation":{"angle":0,"axis":"y","origin":[-0.5,0,16]},"faces":{"north":{"uv":[0.375,7,0.625,8],"texture":"#0"},"east":{"uv":[0.375,7,0,8],"texture":"#0"},"south":{"uv":[0.625,7,0.375,8],"texture":"#0"},"west":{"uv":[0.375,7,0,8],"texture":"#0"},"up":{"uv":[0.875,7,0.625,7.375],"texture":"#0"},"down":{"uv":[0.875,7,0.625,7.375],"texture":"#0"}}},{"from":[8,6.5,5.5],"to":[9,10.5,7],"rotation":{"angle":0,"axis":"y","origin":[15.5,0,0]},"faces":{"north":{"uv":[0.625,7,0.375,8],"texture":"#0"},"east":{"uv":[0.375,7,0,8],"texture":"#0"},"south":{"uv":[0.375,7,0.625,8],"texture":"#0"},"west":{"uv":[0.375,7,0,8],"texture":"#0"},"up":{"uv":[0.625,7.375,0.875,7],"texture":"#0"},"down":{"uv":[0.625,7.375,0.875,7],"texture":"#0"}}},{"from":[8,6.5,9],"to":[9,10.5,10.5],"rotation":{"angle":0,"axis":"y","origin":[15.5,0,16]},"faces":{"north":{"uv":[0.625,7,0.375,8],"texture":"#0"},"east":{"uv":[0,7,0.375,8],"texture":"#0"},"south":{"uv":[0.375,7,0.625,8],"texture":"#0"},"west":{"uv":[0,7,0.375,8],"texture":"#0"},"up":{"uv":[0.625,7,0.875,7.375],"texture":"#0"},"down":{"uv":[0.625,7,0.875,7.375],"texture":"#0"}}},{"from":[8,2.5,5.5],"to":[10,6.5,10.5],"rotation":{"angle":0,"axis":"y","origin":[15.5,0,0]},"faces":{"north":{"uv":[0,5.75,0.5,6.75],"texture":"#0"},"east":{"uv":[1.75,5.75,0.5,6.75],"texture":"#0"},"south":{"uv":[0.5,5.75,0,6.75],"texture":"#0"},"west":{"uv":[1.75,5.75,0.5,6.75],"texture":"#0"},"up":{"uv":[0.875,8,1.375,6.75],"texture":"#0"},"down":{"uv":[0.875,8,1.375,6.75],"texture":"#0"}}},{"from":[6.5,-1,6],"to":[9.5,1,10],"rotation":{"angle":0,"axis":"y","origin":[-0.5,0,0]},"faces":{"north":{"uv":[2.5,8.5,3.25,9],"texture":"#0"},"east":{"uv":[2.25,8,3.25,8.5],"texture":"#0"},"south":{"uv":[2.5,8.5,3.25,9],"texture":"#0"},"west":{"uv":[2.25,8,3.25,8.5],"texture":"#0"},"up":{"uv":[2.25,7.75,1.5,6.75],"texture":"#0"},"down":{"uv":[2.25,7.75,1.5,6.75],"texture":"#0"}}},{"from":[6.5,-10,6],"to":[9.5,-8,10],"rotation":{"angle":0,"axis":"y","origin":[-0.5,0,0]},"faces":{"north":{"uv":[2.5,8.5,3.25,9],"texture":"#0"},"east":{"uv":[2.25,8,3.25,8.5],"texture":"#0"},"south":{"uv":[2.5,8.5,3.25,9],"texture":"#0"},"west":{"uv":[2.25,8,3.25,8.5],"texture":"#0"},"up":{"uv":[2.25,7.75,1.5,6.75],"texture":"#0"},"down":{"uv":[2.25,7.75,1.5,6.75],"texture":"#0"}}},{"from":[8,6.5,5],"to":[8,27.5,11],"faces":{"north":{"uv":[0.125,0,0.125,5.25],"texture":"#0"},"east":{"uv":[14.375,0,15.875,5.25],"texture":"#0"},"south":{"uv":[0.125,0,0.125,5.25],"texture":"#0"},"west":{"uv":[15.875,0,14.375,5.25],"texture":"#0"},"up":{"uv":[0.125,0,0.125,1.5],"texture":"#0"},"down":{"uv":[0.125,0,0.125,1.5],"texture":"#0"}}},{"from":[5.5,0,6.75],"to":[10.5,3.5,9.25],"faces":{"north":{"uv":[4.625,0,5.875,0.875],"texture":"#0"},"east":{"uv":[4,0,4.625,0.875],"texture":"#0"},"south":{"uv":[4.625,0,5.875,0.875],"texture":"#0"},"west":{"uv":[4,0,4.625,0.875],"texture":"#0"},"up":{"uv":[4,0.875,5.25,1.5],"texture":"#0"},"down":{"uv":[4,0.875,5.25,1.5],"texture":"#0"}}},{"from":[5.9,2.5,5],"to":[5.9,6.5,11],"faces":{"east":{"uv":[0,0,12,8],"texture":"#1"},"west":{"uv":[0,0,12,8],"texture":"#1"}}},{"from":[10.1,2.5,5],"to":[10.1,6.5,11],"rotation":{"angle":0,"axis":"y","origin":[16,0,0]},"faces":{"east":{"uv":[12,0,0,8],"texture":"#1"},"west":{"uv":[12,0,0,8],"texture":"#1"}}},{"from":[5.4,-1,4.75],"to":[5.4,5,10.75],"faces":{"north":{"uv":[0,0,0,12],"texture":"#2"},"east":{"uv":[12,0,0,12],"texture":"#2"},"south":{"uv":[0,0,0,12],"texture":"#2"},"west":{"uv":[0,0,12,12],"texture":"#2"},"up":{"uv":[0,0,0,12],"texture":"#2"},"down":{"uv":[0,0,0,12],"texture":"#2"}}},{"from":[10.6,-1,4.75],"to":[10.6,5,10.75],"rotation":{"angle":0,"axis":"y","origin":[16,0,0]},"faces":{"north":{"uv":[0,0,0,12],"texture":"#2"},"east":{"uv":[12,0,0,12],"texture":"#2"},"south":{"uv":[0,0,0,12],"texture":"#2"},"west":{"uv":[0,0,12,12],"texture":"#2"},"up":{"uv":[0,0,0,12],"texture":"#2"},"down":{"uv":[0,0,0,12],"texture":"#2"}}}],"gui_light":"front","display":{"thirdperson_righthand":{"translation":[0,6.75,1.75],"scale":[0.7,0.7,0.7]},"thirdperson_lefthand":{"translation":[0,6.75,1.75],"scale":[0.7,0.7,0.7]},"firstperson_righthand":{"translation":[0.25,6.5,2.25],"scale":[0.38281,0.38281,0.38281]},"firstperson_lefthand":{"translation":[0.25,6.5,2.25],"scale":[0.38281,0.38281,0.38281]},"ground":{"rotation":[45,0,0],"translation":[0,9,0],"scale":[0.45,0.45,0.45]},"gui":{"rotation":[-90,-45,-90],"translation":[0.5,0.5,0],"scale":[0.49961,0.49961,0.49961]},"head":{"scale":[0,0,0]},"fixed":{"rotation":[0,90,0],"translation":[0,10,-1.5],"scale":[1.5,1.5,1.5]}}}