{"credit":"MadewithBlockbench","texture_size":[8,8],"textures":{"0":"custom:easterbunny_weapon_set/items/texture_01","1":"custom:easterbunny_weapon_set/items/texture_02","2":"custom:easterbunny_weapon_set/items/texture_animation_01","3":"custom:easterbunny_weapon_set/items/texture_animation_02","particle":"custom:easterbunny_weapon_set/items/texture_01"},"elements":[{"from":[5,3.1,12],"to":[9,7.1,14],"rotation":{"angle":0,"axis":"y","origin":[16,0,0]},"faces":{"north":{"uv":[12.75,11.125,11.75,12.125],"texture":"#1"},"east":{"uv":[13.25,11.5,12.75,12.5],"texture":"#1"},"south":{"uv":[12.75,11.125,11.75,12.125],"texture":"#1"},"west":{"uv":[13.25,11.5,12.75,12.5],"texture":"#1"},"up":{"uv":[12.75,11.5,13.25,10.5],"rotation":270,"texture":"#1"},"down":{"uv":[12.75,11.5,13.25,10.5],"rotation":270,"texture":"#1"}}},{"from":[5,3.1,2],"to":[9,7.1,4],"rotation":{"angle":0,"axis":"y","origin":[16,0,16]},"faces":{"north":{"uv":[11.75,11.125,12.75,12.125],"texture":"#1"},"east":{"uv":[12.75,11.5,13.25,12.5],"texture":"#1"},"south":{"uv":[11.75,11.125,12.75,12.125],"texture":"#1"},"west":{"uv":[12.75,11.5,13.25,12.5],"texture":"#1"},"up":{"uv":[13.25,11.5,12.75,10.5],"rotation":270,"texture":"#1"},"down":{"uv":[13.25,11.5,12.75,10.5],"rotation":270,"texture":"#1"}}},{"from":[3.5,3,3],"to":[5,8,13],"rotation":{"angle":0,"axis":"y","origin":[16,0,0]},"faces":{"north":{"uv":[12.875,9.25,13.25,10.5],"texture":"#1"},"east":{"uv":[13.5,7.25,16,8.5],"texture":"#1"},"south":{"uv":[13.25,9.25,12.875,10.5],"texture":"#1"},"west":{"uv":[13.5,7.25,16,8.5],"texture":"#1"},"up":{"uv":[13.5,7.25,16,6.875],"rotation":270,"texture":"#1"},"down":{"uv":[13.5,7.25,16,6.875],"rotation":270,"texture":"#1"}}},{"from":[3.5,8,4],"to":[5,9,12],"rotation":{"angle":0,"axis":"y","origin":[16,0,0]},"faces":{"north":{"uv":[13.375,11.875,13.75,12.125],"texture":"#1"},"east":{"uv":[14,6.625,16,6.875],"texture":"#1"},"south":{"uv":[13.75,11.875,13.375,12.125],"texture":"#1"},"west":{"uv":[14,6.625,16,6.875],"texture":"#1"},"up":{"uv":[14,6.625,16,6.25],"rotation":270,"texture":"#1"},"down":{"uv":[14,6.625,16,6.25],"rotation":270,"texture":"#1"}}},{"from":[5,3,3.5],"to":[9,15.5,12.5],"rotation":{"angle":0,"axis":"y","origin":[16,0,0]},"faces":{"north":{"uv":[13.75,12.875,12.75,16],"texture":"#1"},"east":{"uv":[16,12.875,13.75,16],"texture":"#1"},"south":{"uv":[13.75,12.875,12.75,16],"texture":"#1"},"west":{"uv":[16,12.875,13.75,16],"texture":"#1"},"up":{"uv":[13.75,12.875,16,11.875],"rotation":90,"texture":"#1"},"down":{"uv":[13.75,12.875,16,11.875],"rotation":90,"texture":"#1"}}},{"from":[6,15.5,3],"to":[10,17,13],"rotation":{"angle":0,"axis":"y","origin":[16,0,0]},"faces":{"north":{"uv":[13.75,12.5,12.75,12.875],"texture":"#1"},"east":{"uv":[10.25,12.125,12.75,12.5],"texture":"#1"},"south":{"uv":[13.75,12.5,12.75,12.875],"texture":"#1"},"west":{"uv":[10.25,12.125,12.75,12.5],"texture":"#1"},"up":{"uv":[12.75,13.5,10.25,12.5],"rotation":270,"texture":"#1"},"down":{"uv":[12.75,13.5,10.25,12.5],"rotation":270,"texture":"#1"}}},{"from":[9,3,3],"to":[10,15.5,13],"rotation":{"angle":0,"axis":"y","origin":[16,0,0]},"faces":{"north":{"uv":[13.5,8.75,13.25,11.875],"texture":"#1"},"east":{"uv":[13.5,8.75,16,11.875],"texture":"#1"},"south":{"uv":[13.5,8.75,13.25,11.875],"texture":"#1"},"west":{"uv":[13.5,8.75,16,11.875],"texture":"#1"},"up":{"uv":[13.5,8.75,16,8.5],"rotation":90,"texture":"#1"},"down":{"uv":[13.5,8.75,16,8.5],"rotation":90,"texture":"#1"}}},{"from":[-0.3,5.9,2.9],"to":[1.2,11.9,13.1],"rotation":{"angle":-22.5,"axis":"z","origin":[16,0,0]},"faces":{"north":{"uv":[10.125,14.5,9.75,16],"texture":"#1"},"east":{"uv":[12.675,14.5,10.125,16],"texture":"#1"},"south":{"uv":[9.75,14.5,10.125,16],"texture":"#1"},"west":{"uv":[12.675,14.5,10.125,16],"texture":"#1"},"up":{"uv":[10.125,14.5,12.675,14.125],"rotation":270,"texture":"#1"},"down":{"uv":[12.675,14.5,10.125,14.125],"rotation":270,"texture":"#1"}}},{"from":[-0.3,4.9,4],"to":[1.2,5.9,12],"rotation":{"angle":-22.5,"axis":"z","origin":[16,0,0]},"faces":{"north":{"uv":[10.125,14.25,9.75,14.5],"texture":"#1"},"east":{"uv":[12.75,13.875,10.75,14.125],"texture":"#1"},"south":{"uv":[10.125,14.25,9.75,14.5],"texture":"#1"},"west":{"uv":[12.75,13.875,10.75,14.125],"texture":"#1"},"up":{"uv":[10.75,13.875,12.75,13.5],"rotation":90,"texture":"#1"},"down":{"uv":[10.75,13.875,12.75,13.5],"rotation":90,"texture":"#1"}}},{"from":[-0.8,16.9,9],"to":[0.2,20.9,10.5],"rotation":{"angle":-22.5,"axis":"z","origin":[0.5,2.6,16]},"faces":{"north":{"uv":[0.375,7,0.625,8],"texture":"#0"},"east":{"uv":[0.375,7,0,8],"texture":"#0"},"south":{"uv":[0.625,7,0.375,8],"texture":"#0"},"west":{"uv":[0.375,7,0,8],"texture":"#0"},"up":{"uv":[0.875,7,0.625,7.375],"texture":"#0"},"down":{"uv":[0.875,7,0.625,7.375],"texture":"#0"}}},{"from":[-1.8,12.9,5.5],"to":[0.2,16.9,10.5],"rotation":{"angle":-22.5,"axis":"z","origin":[0.5,2.6,16]},"faces":{"north":{"uv":[0.5,5.75,0,6.75],"texture":"#0"},"east":{"uv":[0.5,5.75,1.75,6.75],"texture":"#0"},"south":{"uv":[0,5.75,0.5,6.75],"texture":"#0"},"west":{"uv":[0.5,5.75,1.75,6.75],"texture":"#0"},"up":{"uv":[1.375,8,0.875,6.75],"texture":"#0"},"down":{"uv":[1.375,8,0.875,6.75],"texture":"#0"}}},{"from":[-0.8,16.9,5.5],"to":[0.2,20.9,7],"rotation":{"angle":-22.5,"axis":"z","origin":[0.5,2.6,16]},"faces":{"north":{"uv":[0.375,7,0.625,8],"texture":"#0"},"east":{"uv":[0,7,0.375,8],"texture":"#0"},"south":{"uv":[0.625,7,0.375,8],"texture":"#0"},"west":{"uv":[0,7,0.375,8],"texture":"#0"},"up":{"uv":[0.875,7.375,0.625,7],"texture":"#0"},"down":{"uv":[0.875,7.375,0.625,7],"texture":"#0"}}},{"from":[7,16,9],"to":[7,28,13],"rotation":{"angle":0,"axis":"y","origin":[-1,4,0]},"faces":{"north":{"uv":[0,3,0,0],"texture":"#missing"},"east":{"uv":[9.875,14.75,10.875,11.75],"texture":"#0"},"south":{"uv":[0,3,0,0],"texture":"#missing"},"west":{"uv":[10.875,14.75,9.875,11.75],"texture":"#0"},"up":{"uv":[0,1,0,0],"texture":"#missing"},"down":{"uv":[0,1,0,0],"texture":"#missing"}}},{"from":[7,16,3],"to":[7,28,7],"rotation":{"angle":0,"axis":"y","origin":[-1,4,16]},"faces":{"north":{"uv":[0,3,0,0],"texture":"#missing"},"east":{"uv":[10.875,14.75,9.875,11.75],"texture":"#0"},"south":{"uv":[0,3,0,0],"texture":"#missing"},"west":{"uv":[9.875,14.75,10.875,11.75],"texture":"#0"},"up":{"uv":[0,0,0,1],"texture":"#missing"},"down":{"uv":[0,0,0,1],"texture":"#missing"}}},{"from":[6.5,11.5,17.1],"to":[6.5,24.5,29.1],"rotation":{"angle":22.5,"axis":"x","origin":[7,20.5,8.5]},"faces":{"north":{"uv":[0,0,0,3.25],"texture":"#missing"},"east":{"uv":[11.75,12.75,14.75,16],"texture":"#0"},"south":{"uv":[0,0,0,3.25],"texture":"#missing"},"west":{"uv":[14.75,12.75,11.75,16],"texture":"#0"},"up":{"uv":[0,0,0,2],"texture":"#missing"},"down":{"uv":[0,0,0,2],"texture":"#missing"}}},{"from":[6.25,15,19],"to":[7.75,15.5,21],"rotation":{"angle":0,"axis":"y","origin":[7,-1,6]},"faces":{"north":{"uv":[0.25,3,0.75,2.875],"texture":"#0"},"east":{"uv":[0.25,3,0.75,2.875],"texture":"#0"},"south":{"uv":[0.25,3,0.75,2.875],"texture":"#0"},"west":{"uv":[0.25,3,0.75,2.875],"texture":"#0"},"up":{"uv":[3.375,7,3,6.5],"texture":"#0"},"down":{"uv":[3.375,7,3,6.5],"texture":"#0"}}},{"from":[5.9,12,18.5],"to":[8.1,15,21.5],"rotation":{"angle":0,"axis":"y","origin":[7,-1,6]},"faces":{"north":{"uv":[2.25,7.75,2.75,7],"texture":"#0"},"east":{"uv":[2.25,7,3,6.25],"texture":"#0"},"south":{"uv":[2.25,7.75,2.75,7],"texture":"#0"},"west":{"uv":[2.25,7,3,6.25],"texture":"#0"},"up":{"uv":[3.25,7.75,2.75,7],"texture":"#0"},"down":{"uv":[3,9.75,2.5,9],"texture":"#0"}}},{"from":[6.25,11.5,19],"to":[7.75,12,21],"rotation":{"angle":0,"axis":"y","origin":[7,-1,6]},"faces":{"north":{"uv":[0.375,6.875,0.875,6.75],"texture":"#0"},"east":{"uv":[0.375,6.875,0.875,6.75],"texture":"#0"},"south":{"uv":[0.375,6.875,0.875,6.75],"texture":"#0"},"west":{"uv":[0.375,6.875,0.875,6.75],"texture":"#0"},"up":{"uv":[2.625,9.625,3,9.125],"texture":"#0"},"down":{"uv":[2.625,9.625,3,9.125],"texture":"#0"}}},{"from":[6.25,11.5,-5],"to":[7.75,12,-3],"rotation":{"angle":0,"axis":"y","origin":[7,-1,10]},"faces":{"north":{"uv":[0.875,6.875,0.375,6.75],"texture":"#0"},"east":{"uv":[0.875,6.875,0.375,6.75],"texture":"#0"},"south":{"uv":[0.875,6.875,0.375,6.75],"texture":"#0"},"west":{"uv":[0.875,6.875,0.375,6.75],"texture":"#0"},"up":{"uv":[2.625,9.125,3,9.625],"texture":"#0"},"down":{"uv":[2.625,9.125,3,9.625],"texture":"#0"}}},{"from":[5.9,12,-5.5],"to":[8.1,15,-2.5],"rotation":{"angle":0,"axis":"y","origin":[7,-1,10]},"faces":{"north":{"uv":[2.75,7.75,2.25,7],"texture":"#0"},"east":{"uv":[3,7,2.25,6.25],"texture":"#0"},"south":{"uv":[2.75,7.75,2.25,7],"texture":"#0"},"west":{"uv":[3,7,2.25,6.25],"texture":"#0"},"up":{"uv":[3.25,7,2.75,7.75],"texture":"#0"},"down":{"uv":[3,9,2.5,9.75],"texture":"#0"}}},{"from":[6.25,15,-5],"to":[7.75,15.5,-3],"rotation":{"angle":0,"axis":"y","origin":[7,-1,10]},"faces":{"north":{"uv":[0.75,3,0.25,2.875],"texture":"#0"},"east":{"uv":[0.75,3,0.25,2.875],"texture":"#0"},"south":{"uv":[0.75,3,0.25,2.875],"texture":"#0"},"west":{"uv":[0.75,3,0.25,2.875],"texture":"#0"},"up":{"uv":[3.375,6.5,3,7],"texture":"#0"},"down":{"uv":[3.375,6.5,3,7],"texture":"#0"}}},{"from":[6.5,11.5,-13],"to":[6.5,24.5,-1],"rotation":{"angle":-22.5,"axis":"x","origin":[7,20.5,7.5]},"faces":{"north":{"uv":[0,0,0,3.25],"texture":"#missing"},"east":{"uv":[14.75,12.75,11.75,16],"texture":"#0"},"south":{"uv":[0,0,0,3.25],"texture":"#missing"},"west":{"uv":[11.75,12.75,14.75,16],"texture":"#0"},"up":{"uv":[0,2,0,0],"texture":"#missing"},"down":{"uv":[0,2,0,0],"texture":"#missing"}}},{"from":[-2.9,13,5],"to":[-2.9,17,11],"rotation":{"angle":-22.5,"axis":"z","origin":[0,0,0]},"faces":{"east":{"uv":[0,0,12,8],"texture":"#2"},"west":{"uv":[0,0,12,8],"texture":"#2"}}},{"from":[5.4,11,-7.25],"to":[5.4,17,-1.25],"faces":{"north":{"uv":[0,0,0,12],"texture":"#3"},"east":{"uv":[12,0,0,12],"texture":"#3"},"south":{"uv":[0,0,0,12],"texture":"#3"},"west":{"uv":[0,0,12,12],"texture":"#3"},"up":{"uv":[0,0,0,12],"texture":"#3"},"down":{"uv":[0,0,0,12],"texture":"#3"}}},{"from":[8.6,11,-7.25],"to":[8.6,17,-1.25],"rotation":{"angle":0,"axis":"y","origin":[16,0,0]},"faces":{"north":{"uv":[0,0,0,12],"texture":"#3"},"east":{"uv":[12,0,0,12],"texture":"#3"},"south":{"uv":[0,0,0,12],"texture":"#3"},"west":{"uv":[0,0,12,12],"texture":"#3"},"up":{"uv":[0,0,0,12],"texture":"#3"},"down":{"uv":[0,0,0,12],"texture":"#3"}}},{"from":[8.6,11,17.25],"to":[8.6,17,23.25],"rotation":{"angle":0,"axis":"y","origin":[16,0,16]},"faces":{"north":{"uv":[0,0,0,12],"texture":"#3"},"east":{"uv":[0,0,12,12],"texture":"#3"},"south":{"uv":[0,0,0,12],"texture":"#3"},"west":{"uv":[12,0,0,12],"texture":"#3"},"up":{"uv":[0,12,0,0],"texture":"#3"},"down":{"uv":[0,12,0,0],"texture":"#3"}}},{"from":[5.4,11,17.25],"to":[5.4,17,23.25],"rotation":{"angle":0,"axis":"y","origin":[0,0,16]},"faces":{"north":{"uv":[0,0,0,12],"texture":"#3"},"east":{"uv":[0,0,12,12],"texture":"#3"},"south":{"uv":[0,0,0,12],"texture":"#3"},"west":{"uv":[12,0,0,12],"texture":"#3"},"up":{"uv":[0,12,0,0],"texture":"#3"},"down":{"uv":[0,12,0,0],"texture":"#3"}}}],"gui_light":"front","display":{"thirdperson_righthand":{"rotation":[67.5,-90,0],"translation":[0,0.5,-0.75],"scale":[0.42578,0.42578,0.42578]},"thirdperson_lefthand":{"rotation":[67.5,-90,0],"translation":[-6.25,-8.25,5.25],"scale":[0.97461,0.97461,0.97461]},"firstperson_righthand":{"rotation":[0,-90,0],"translation":[0.75,3.25,2.25],"scale":[0.4082,0.4082,0.4082]},"firstperson_lefthand":{"rotation":[-15,179,0],"translation":[0.5,-3,2.25],"scale":[0,0,0]},"ground":{"translation":[0,6,0],"scale":[0.78711,0.78711,0.78711]},"gui":{"rotation":[90,90,-90],"translation":[0,-2.75,0],"scale":[0.4,0.4,0.4]},"head":{"scale":[0,0,0]},"fixed":{"rotation":[-90,-90,-90],"translation":[0.5,-4.5,-4.5],"scale":[2.2832,2.2832,2.2832]}},"groups":[0,1,2,3,4,5,6,7,8,9,10,11,12,13,{"name":"group","origin":[0,4,16],"color":0,"nbt":"{}","armAnimationEnabled":false,"children":[]},14,15,16,17,18,19,20,21,22,23,24,25,26]}