{
	"credit": "Made with Blockbench",
	"texture_size": [48, 48],
	"textures": {
		"1": "haloween:halloween/bow4",
		"particle": "haloween:halloween/bow4"
	},
	"elements": [
		{
			"from": [7, 5.425, 7],
			"to": [9, 6.925, 9],
			"rotation": {"angle": 0, "axis": "y", "origin": [8, 5.525, 8]},
			"faces": {
				"north": {"uv": [12.66667, 0, 13.33333, 0.5], "texture": "#1"},
				"east": {"uv": [12.66667, 0.66667, 13.33333, 1.16667], "texture": "#1"},
				"south": {"uv": [12.66667, 1.33333, 13.33333, 1.83333], "texture": "#1"},
				"west": {"uv": [12.66667, 2, 13.33333, 2.5], "texture": "#1"},
				"up": {"uv": [12.66667, 11.33333, 12, 10.66667], "texture": "#1"},
				"down": {"uv": [12, 12, 11.33333, 12.66667], "texture": "#1"}
			}
		},
		{
			"from": [7.25, 6.9, 7.25],
			"to": [8.75, 10.4, 8.75],
			"rotation": {"angle": 0, "axis": "y", "origin": [8, 3.9, 8]},
			"faces": {
				"north": {"uv": [2.33333, 11.33333, 2.83333, 12.5], "texture": "#1"},
				"east": {"uv": [3, 11.33333, 3.5, 12.5], "texture": "#1"},
				"south": {"uv": [11.33333, 10.66667, 11.83333, 11.83333], "texture": "#1"},
				"west": {"uv": [3.66667, 11.66667, 4.16667, 12.83333], "texture": "#1"},
				"up": {"uv": [13.16667, 7.5, 12.66667, 7], "texture": "#1"},
				"down": {"uv": [7.83333, 12.66667, 7.33333, 13.16667], "texture": "#1"}
			}
		},
		{
			"from": [7.025, 4.275, 6.75],
			"to": [8.975, 6.525, 9],
			"rotation": {"angle": -45, "axis": "x", "origin": [8, 5.525, 8]},
			"faces": {
				"north": {"uv": [12, 11.33333, 12.66667, 12], "texture": "#1"},
				"east": {"uv": [4.33333, 11.66667, 5.16667, 12.33333], "texture": "#1"},
				"south": {"uv": [12, 12, 12.66667, 12.66667], "texture": "#1"},
				"west": {"uv": [5.33333, 11.66667, 6.16667, 12.33333], "texture": "#1"},
				"up": {"uv": [7, 12.5, 6.33333, 11.66667], "texture": "#1"},
				"down": {"uv": [7.66667, 11.66667, 7, 12.5], "texture": "#1"}
			}
		},
		{
			"from": [7.025, 10.875, 6.75],
			"to": [8.975, 13.125, 9],
			"rotation": {"angle": 45, "axis": "x", "origin": [8, 11.875, 8]},
			"faces": {
				"north": {"uv": [7.66667, 11.66667, 8.33333, 12.5], "texture": "#1"},
				"east": {"uv": [10.66667, 9.33333, 11.5, 10.16667], "texture": "#1"},
				"south": {"uv": [8.33333, 11.66667, 9, 12.5], "texture": "#1"},
				"west": {"uv": [10, 10.66667, 10.83333, 11.5], "texture": "#1"},
				"up": {"uv": [12.33333, 10.16667, 11.66667, 9.33333], "texture": "#1"},
				"down": {"uv": [10.66667, 11.66667, 10, 12.5], "texture": "#1"}
			}
		},
		{
			"from": [7, 10.3, 7],
			"to": [9, 11.8, 9],
			"rotation": {"angle": 0, "axis": "y", "origin": [8, 11.8, 8]},
			"faces": {
				"north": {"uv": [2.33333, 12.66667, 3, 13.16667], "texture": "#1"},
				"east": {"uv": [12.66667, 2.66667, 13.33333, 3.16667], "texture": "#1"},
				"south": {"uv": [3, 12.66667, 3.66667, 13.16667], "texture": "#1"},
				"west": {"uv": [12.66667, 3.33333, 13.33333, 3.83333], "texture": "#1"},
				"up": {"uv": [5, 13, 4.33333, 12.33333], "texture": "#1"},
				"down": {"uv": [5.66667, 12.33333, 5, 13], "texture": "#1"}
			}
		},
		{
			"from": [7, 8.2, 7],
			"to": [9, 9.2, 9],
			"rotation": {"angle": 0, "axis": "y", "origin": [8, 12.8, 8]},
			"faces": {
				"north": {"uv": [12.33333, 10, 13, 10.33333], "texture": "#1"},
				"east": {"uv": [12.66667, 7.66667, 13.33333, 8], "texture": "#1"},
				"south": {"uv": [8, 12.66667, 8.66667, 13], "texture": "#1"},
				"west": {"uv": [12.66667, 8, 13.33333, 8.33333], "texture": "#1"},
				"up": {"uv": [6.33333, 13, 5.66667, 12.33333], "texture": "#1"},
				"down": {"uv": [13, 9.33333, 12.33333, 10], "texture": "#1"}
			}
		},
		{
			"from": [7.43, 17.75047, 16.73891],
			"to": [8.57, 20.99047, 17.67891],
			"rotation": {"angle": 45, "axis": "x", "origin": [8, 25.81332, 13.67857]},
			"faces": {
				"north": {"uv": [9, 11.66667, 9.33333, 12.66667], "texture": "#1"},
				"east": {"uv": [10.66667, 11.66667, 11, 12.66667], "texture": "#1"},
				"south": {"uv": [12.66667, 4, 13, 5], "texture": "#1"},
				"west": {"uv": [12.66667, 5, 13, 6], "texture": "#1"},
				"up": {"uv": [9, 13, 8.66667, 12.66667], "texture": "#1"},
				"down": {"uv": [13, 8.66667, 12.66667, 9], "texture": "#1"}
			}
		},
		{
			"from": [6.344, 15.0842, 7.92687],
			"to": [9.656, 18.3962, 11.23887],
			"rotation": {"angle": 22.5, "axis": "x", "origin": [8, 16.7402, 9.58287]},
			"faces": {
				"north": {"uv": [4, 9, 5.16667, 10.16667], "texture": "#1"},
				"east": {"uv": [5.33333, 9, 6.5, 10.16667], "texture": "#1"},
				"south": {"uv": [6.66667, 9, 7.83333, 10.16667], "texture": "#1"},
				"west": {"uv": [8, 9, 9.16667, 10.16667], "texture": "#1"},
				"up": {"uv": [10.5, 10.16667, 9.33333, 9], "texture": "#1"},
				"down": {"uv": [1.16667, 10, 0, 11.16667], "texture": "#1"}
			}
		},
		{
			"from": [7.43, 12.45681, 9.85319],
			"to": [8.57, 18.69681, 11.09319],
			"rotation": {"angle": 22.5, "axis": "x", "origin": [8, 19.01966, 7.99284]},
			"faces": {
				"north": {"uv": [11, 10.66667, 11.33333, 12.66667], "texture": "#1"},
				"east": {"uv": [0, 11.33333, 0.33333, 13.33333], "texture": "#1"},
				"south": {"uv": [0.33333, 11.33333, 0.66667, 13.33333], "texture": "#1"},
				"west": {"uv": [0.66667, 11.33333, 1, 13.33333], "texture": "#1"},
				"up": {"uv": [4, 11.66667, 3.66667, 11.33333], "texture": "#1"},
				"down": {"uv": [13, 8.33333, 12.66667, 8.66667], "texture": "#1"}
			}
		},
		{
			"from": [7.43, -1.39681, 9.85319],
			"to": [8.57, 4.84319, 11.09319],
			"rotation": {"angle": -22.5, "axis": "x", "origin": [8, -1.71966, 7.99284]},
			"faces": {
				"north": {"uv": [1, 11.33333, 1.33333, 13.33333], "texture": "#1"},
				"east": {"uv": [1.33333, 11.33333, 1.66667, 13.33333], "texture": "#1"},
				"south": {"uv": [1.66667, 11.33333, 2, 13.33333], "texture": "#1"},
				"west": {"uv": [2, 11.33333, 2.33333, 13.33333], "texture": "#1"},
				"up": {"uv": [10.66667, 13, 10.33333, 12.66667], "texture": "#1"},
				"down": {"uv": [11, 12.66667, 10.66667, 13], "texture": "#1"}
			}
		},
		{
			"from": [6.344, -1.0962, 7.92687],
			"to": [9.656, 2.2158, 11.23887],
			"rotation": {"angle": -22.5, "axis": "x", "origin": [8, 0.5598, 9.58287]},
			"faces": {
				"north": {"uv": [1.33333, 10, 2.5, 11.16667], "texture": "#1"},
				"east": {"uv": [2.66667, 10, 3.83333, 11.16667], "texture": "#1"},
				"south": {"uv": [4, 10.33333, 5.16667, 11.5], "texture": "#1"},
				"west": {"uv": [5.33333, 10.33333, 6.5, 11.5], "texture": "#1"},
				"up": {"uv": [7.83333, 11.5, 6.66667, 10.33333], "texture": "#1"},
				"down": {"uv": [9.16667, 10.33333, 8, 11.5], "texture": "#1"}
			}
		},
		{
			"from": [7.43, -3.69047, 16.73891],
			"to": [8.57, -0.45047, 17.67891],
			"rotation": {"angle": -45, "axis": "x", "origin": [8, -8.51332, 13.67857]},
			"faces": {
				"north": {"uv": [12.66667, 6, 13, 7], "texture": "#1"},
				"east": {"uv": [6.33333, 12.66667, 6.66667, 13.66667], "texture": "#1"},
				"south": {"uv": [6.66667, 12.66667, 7, 13.66667], "texture": "#1"},
				"west": {"uv": [7, 12.66667, 7.33333, 13.66667], "texture": "#1"},
				"up": {"uv": [9.33333, 13, 9, 12.66667], "texture": "#1"},
				"down": {"uv": [10.33333, 12.66667, 10, 13], "texture": "#1"}
			}
		},
		{
			"from": [8, -5.5, 10],
			"to": [8, 21.5, 29],
			"rotation": {"angle": 0, "axis": "y", "origin": [8, 8, 8]},
			"faces": {
				"north": {"uv": [0, 0, 0, 9], "texture": "#1"},
				"east": {"uv": [0, 0, 6.33333, 9], "texture": "#1"},
				"south": {"uv": [0, 0, 0, 9], "texture": "#1"},
				"west": {"uv": [6.33333, 0, 12.66667, 9], "texture": "#1"},
				"up": {"uv": [0, 6.33333, 0, 0], "texture": "#1"},
				"down": {"uv": [0, 0, 0, 6.33333], "texture": "#1"}
			}
		},
		{
			"from": [8, 9.1, 2.85],
			"to": [8, 11.5, 8.85],
			"rotation": {"angle": 0, "axis": "y", "origin": [8, 8, 8]},
			"faces": {
				"north": {"uv": [0, 0, 0, 0.83333], "texture": "#1"},
				"east": {"uv": [0, 9, 2, 9.83333], "texture": "#1"},
				"south": {"uv": [0, 0, 0, 0.83333], "texture": "#1"},
				"west": {"uv": [2, 9, 4, 9.83333], "texture": "#1"},
				"up": {"uv": [0, 2, 0, 0], "texture": "#1"},
				"down": {"uv": [0, 0, 0, 2], "texture": "#1"}
			}
		},
		{
			"from": [8, 6.3, 2.85],
			"to": [8, 8.7, 8.85],
			"rotation": {"angle": 0, "axis": "y", "origin": [8, 8, 8]},
			"faces": {
				"north": {"uv": [0, 0.83333, 0, 0], "texture": "#1"},
				"east": {"uv": [0, 9.83333, 2, 9], "texture": "#1"},
				"south": {"uv": [0, 0.83333, 0, 0], "texture": "#1"},
				"west": {"uv": [2, 9.83333, 4, 9], "texture": "#1"},
				"up": {"uv": [0, 2, 0, 0], "texture": "#1"},
				"down": {"uv": [0, 0, 0, 2], "texture": "#1"}
			}
		},
		{
			"from": [8.2, 8.9, 2.85],
			"to": [10.6, 8.9, 8.85],
			"rotation": {"angle": 0, "axis": "y", "origin": [8, 8.9, 0.25]},
			"faces": {
				"north": {"uv": [0, 0.83333, 0, 0], "rotation": 90, "texture": "#1"},
				"east": {"uv": [0, 0, 0, 2], "rotation": 270, "texture": "#1"},
				"south": {"uv": [0, 0.83333, 0, 0], "rotation": 270, "texture": "#1"},
				"west": {"uv": [0, 2, 0, 0], "rotation": 270, "texture": "#1"},
				"up": {"uv": [0, 9.83333, 2, 9], "rotation": 270, "texture": "#1"},
				"down": {"uv": [2, 9.83333, 4, 9], "rotation": 270, "texture": "#1"}
			}
		},
		{
			"from": [5.4, 8.9, 2.85],
			"to": [7.8, 8.9, 8.85],
			"rotation": {"angle": 0, "axis": "y", "origin": [8, 8.9, 0.25]},
			"faces": {
				"north": {"uv": [0, 0, 0, 0.83333], "rotation": 90, "texture": "#1"},
				"east": {"uv": [0, 0, 0, 2], "rotation": 270, "texture": "#1"},
				"south": {"uv": [0, 0, 0, 0.83333], "rotation": 270, "texture": "#1"},
				"west": {"uv": [0, 2, 0, 0], "rotation": 270, "texture": "#1"},
				"up": {"uv": [0, 9, 2, 9.83333], "rotation": 270, "texture": "#1"},
				"down": {"uv": [2, 9, 4, 9.83333], "rotation": 270, "texture": "#1"}
			}
		},
		{
			"from": [7.74, 8.64, 4.34],
			"to": [8.26, 9.16, 18.66],
			"rotation": {"angle": 0, "axis": "y", "origin": [8, 8, 2.82]},
			"faces": {
				"north": {"uv": [12.66667, 10.66667, 12.83333, 10.83333], "texture": "#1"},
				"east": {"uv": [9.33333, 10.33333, 14, 10.5], "texture": "#1"},
				"south": {"uv": [11, 12.66667, 11.16667, 12.83333], "texture": "#1"},
				"west": {"uv": [10.66667, 9, 15.33333, 9.16667], "texture": "#1"},
				"up": {"uv": [9.5, 15.33333, 9.33333, 10.66667], "texture": "#1"},
				"down": {"uv": [9.83333, 10.66667, 9.66667, 15.33333], "texture": "#1"}
			}
		}
	],
	"gui_light": "front",
	"display": {
		"thirdperson_righthand": {
			"translation": [-1.25, -2.75, -0.5]
		},
		"thirdperson_lefthand": {
			"translation": [-1.25, -2.75, -0.5]
		},
		"firstperson_righthand": {
			"rotation": [18.83, 10.97, -6.75],
			"translation": [0, 2.75, -0.5]
		},
		"firstperson_lefthand": {
			"translation": [0.75, 5.75, 0]
		},
		"ground": {
			"rotation": [0, 0, -52],
			"translation": [0, 0, -1.25],
			"scale": [0.42, 0.42, 0.42]
		},
		"gui": {
			"rotation": [113, 47, 86.66],
			"translation": [-2, 2.25, -2],
			"scale": [0.84, 0.84, 0.84]
		},
		"head": {
			"scale": [0, 0, 0]
		},
		"fixed": {
			"rotation": [85.33, -45.91, 86.66],
			"translation": [3, 2.25, -2]
		}
	}
}