{"credit":"MadewithBlockbench","texture_size":[32,32],"textures":{"2":"haloween:halloween/fishing1"},"elements":[{"from":[7,4.025,7],"to":[9,5.525,9],"rotation":{"angle":0,"axis":"y","origin":[8,4.125,8]},"faces":{"north":{"uv":[14,0,15,0.75],"texture":"#2"},"east":{"uv":[1,14,2,14.75],"texture":"#2"},"south":{"uv":[14,1,15,1.75],"texture":"#2"},"west":{"uv":[2,14,3,14.75],"texture":"#2"},"up":{"uv":[13,12,12,11],"texture":"#2"},"down":{"uv":[13,12,12,13],"texture":"#2"}}},{"from":[7.025,2.875,6.75],"to":[8.975,5.125,9],"rotation":{"angle":-45,"axis":"x","origin":[8,4.125,8]},"faces":{"north":{"uv":[7,12,8,13.25],"texture":"#2"},"east":{"uv":[0,12,1.25,13.25],"texture":"#2"},"south":{"uv":[8,12,9,13.25],"texture":"#2"},"west":{"uv":[1.5,12,2.75,13.25],"texture":"#2"},"up":{"uv":[13,9.25,12,8],"texture":"#2"},"down":{"uv":[13,9.5,12,10.75],"texture":"#2"}}},{"from":[7.25,5.5,7.25],"to":[8.75,9,8.75],"rotation":{"angle":0,"axis":"y","origin":[8,2.5,8]},"faces":{"north":{"uv":[3,12,3.75,13.75],"texture":"#2"},"east":{"uv":[4,12,4.75,13.75],"texture":"#2"},"south":{"uv":[5,12,5.75,13.75],"texture":"#2"},"west":{"uv":[6,12,6.75,13.75],"texture":"#2"},"up":{"uv":[14.75,4.75,14,4],"texture":"#2"},"down":{"uv":[5.75,14,5,14.75],"texture":"#2"}}},{"from":[7,6.8,7],"to":[9,7.8,9],"rotation":{"angle":0,"axis":"y","origin":[8,11.4,8]},"faces":{"north":{"uv":[14,9,15,9.5],"texture":"#2"},"east":{"uv":[14,9.5,15,10],"texture":"#2"},"south":{"uv":[14,10,15,10.5],"texture":"#2"},"west":{"uv":[14,10.5,15,11],"texture":"#2"},"up":{"uv":[10,13.5,9,12.5],"texture":"#2"},"down":{"uv":[11,12.5,10,13.5],"texture":"#2"}}},{"from":[6.344,11.419,6.319],"to":[9.656,14.731,9.631],"rotation":{"angle":0,"axis":"y","origin":[8,8,8]},"faces":{"north":{"uv":[4,8,5.75,9.75],"texture":"#2"},"east":{"uv":[6,8,7.75,9.75],"texture":"#2"},"south":{"uv":[8,8,9.75,9.75],"texture":"#2"},"west":{"uv":[0,10,1.75,11.75],"texture":"#2"},"up":{"uv":[3.75,11.75,2,10],"texture":"#2"},"down":{"uv":[5.75,10,4,11.75],"texture":"#2"}}},{"from":[6.13,10.355,5.88],"to":[9.87,11.545,10.12],"rotation":{"angle":0,"axis":"y","origin":[8,8,8]},"faces":{"north":{"uv":[1,13.5,2.75,14],"texture":"#2"},"east":{"uv":[13,8,15,8.5],"texture":"#2"},"south":{"uv":[7,13.5,8.75,14],"texture":"#2"},"west":{"uv":[13,8.5,15,9],"texture":"#2"},"up":{"uv":[1.75,10,0,8],"texture":"#2"},"down":{"uv":[3.75,8,2,10],"texture":"#2"}}},{"from":[7,8.9,7],"to":[9,10.4,9],"rotation":{"angle":0,"axis":"y","origin":[8,10.4,8]},"faces":{"north":{"uv":[14,2,15,2.75],"texture":"#2"},"east":{"uv":[3,14,4,14.75],"texture":"#2"},"south":{"uv":[14,3,15,3.75],"texture":"#2"},"west":{"uv":[4,14,5,14.75],"texture":"#2"},"up":{"uv":[14,10,13,9],"texture":"#2"},"down":{"uv":[14,10,13,11],"texture":"#2"}}},{"from":[7,14.5,6.85],"to":[9,18,8.75],"rotation":{"angle":0,"axis":"y","origin":[8,2.5,8]},"faces":{"north":{"uv":[6,10,7,11.75],"texture":"#2"},"east":{"uv":[7,10,8,11.75],"texture":"#2"},"south":{"uv":[8,10,9,11.75],"texture":"#2"},"west":{"uv":[10,8,11,9.75],"texture":"#2"},"up":{"uv":[12,14,11,13],"texture":"#2"},"down":{"uv":[14,11,13,12],"texture":"#2"}}},{"from":[7.25,17.50324,6.50262],"to":[8.75,22.00324,8.15262],"rotation":{"angle":-22.5,"axis":"x","origin":[8,19.25324,7.20262]},"faces":{"north":{"uv":[9,10,9.75,12.25],"texture":"#2"},"east":{"uv":[10,10,10.75,12.25],"texture":"#2"},"south":{"uv":[11,8,11.75,10.25],"texture":"#2"},"west":{"uv":[11,10.5,11.75,12.75],"texture":"#2"},"up":{"uv":[14.75,5.75,14,5],"texture":"#2"},"down":{"uv":[6.75,14,6,14.75],"texture":"#2"}}},{"from":[7.5,20.97314,4.66874],"to":[8.5,24.22314,5.81874],"rotation":{"angle":-45,"axis":"x","origin":[8,22.72314,5.11874]},"faces":{"north":{"uv":[9,13.5,9.5,15.25],"texture":"#2"},"east":{"uv":[9.5,13.5,10,15.25],"texture":"#2"},"south":{"uv":[10,13.5,10.5,15.25],"texture":"#2"},"west":{"uv":[10.5,13.5,11,15.25],"texture":"#2"},"up":{"uv":[14.5,12.5,14,12],"texture":"#2"},"down":{"uv":[14.5,12.5,14,13],"texture":"#2"}}},{"from":[7.25,23.05808,1.85096],"to":[8.75,23.05808,4.50096],"rotation":{"angle":-45,"axis":"x","origin":[8,23.05808,3.97596]},"faces":{"north":{"uv":[0,0,0.75,0],"texture":"#2"},"east":{"uv":[0,0,1.25,0],"texture":"#2"},"south":{"uv":[0,0,0.75,0],"texture":"#2"},"west":{"uv":[0,0,1.25,0],"texture":"#2"},"up":{"uv":[13.75,14.25,13,13],"texture":"#2"},"down":{"uv":[0.75,13.5,0,14.75],"texture":"#2"}}},{"from":[7.25,20.7545,4.9021],"to":[8.75,20.7545,6.5521],"rotation":{"angle":-22.5,"axis":"x","origin":[8,19.0045,6.6021]},"faces":{"north":{"uv":[0,0,0.75,0],"texture":"#2"},"east":{"uv":[0,0,0.75,0],"texture":"#2"},"south":{"uv":[0,0,0.75,0],"texture":"#2"},"west":{"uv":[0,0,0.75,0],"texture":"#2"},"up":{"uv":[14.75,6.75,14,6],"texture":"#2"},"down":{"uv":[7.75,14,7,14.75],"texture":"#2"}}},{"from":[7,17,4.95],"to":[9,17,6.85],"rotation":{"angle":0,"axis":"y","origin":[8,2.5,9.1]},"faces":{"north":{"uv":[0,0,1,0],"texture":"#2"},"east":{"uv":[0,0,1,0],"texture":"#2"},"south":{"uv":[0,0,1,0],"texture":"#2"},"west":{"uv":[0,0,1,0],"texture":"#2"},"up":{"uv":[13,14,12,13],"texture":"#2"},"down":{"uv":[14,12,13,13],"texture":"#2"}}},{"from":[8,8,-2],"to":[8,24,12],"rotation":{"angle":0,"axis":"y","origin":[8,8,8]},"faces":{"north":{"uv":[0,0,0,8],"texture":"#2"},"east":{"uv":[0,0,7,8],"texture":"#2"},"south":{"uv":[0,0,0,8],"texture":"#2"},"west":{"uv":[7,0,14,8],"texture":"#2"},"up":{"uv":[0,7,0,0],"texture":"#2"},"down":{"uv":[0,0,0,7],"texture":"#2"}}},{"from":[7.34,13.495,2.673],"to":[8.66,14.505,3.927],"rotation":{"angle":0,"axis":"y","origin":[8,6.903,6.402]},"faces":{"north":{"uv":[11,14,11.75,14.5],"texture":"#2"},"east":{"uv":[14,11,14.75,11.5],"texture":"#2"},"south":{"uv":[14,11.5,14.75,12],"texture":"#2"},"west":{"uv":[12,14,12.75,14.5],"texture":"#2"},"up":{"uv":[14.75,7.75,14,7],"texture":"#2"},"down":{"uv":[8.75,14,8,14.75],"texture":"#2"}}}],"gui_light":"front","display":{"thirdperson_righthand":{"translation":[0,-1.75,2]},"thirdperson_lefthand":{"translation":[0,-1.75,2]},"firstperson_righthand":{"translation":[2.25,0,1.25]},"firstperson_lefthand":{"translation":[2.25,0,1.25]},"ground":{"rotation":[0,0,49],"translation":[1,1.5,0],"scale":[0.42,0.42,0.42]},"gui":{"rotation":[74,124,-75.73],"translation":[4,-3,-2],"scale":[0.88,0.88,0.88]},"fixed":{"rotation":[-76.72,-58.25,-75.73],"translation":[-3.75,-3.25,-2]}},"groups":[{"name":"group","origin":[8,6.903,6.402],"color":0,"children":[0,1,2,3,4,5,6,7,8,9,10,11,12,13,14]}]}