{"credit":"MadewithBlockbench","texture_size":[24,24],"textures":{"1":"haloween:halloween/hoe","particle":"haloween:halloween/hoe"},"elements":[{"from":[7,4.025,7],"to":[9,5.525,9],"rotation":{"angle":0,"axis":"y","origin":[8,4.125,8]},"faces":{"north":{"uv":[12.66667,2.66667,14,3.66667],"texture":"#1"},"east":{"uv":[4,12.66667,5.33333,13.66667],"texture":"#1"},"south":{"uv":[12.66667,7.33333,14,8.33333],"texture":"#1"},"west":{"uv":[8,12.66667,9.33333,13.66667],"texture":"#1"},"up":{"uv":[6.66667,13.33333,5.33333,12],"texture":"#1"},"down":{"uv":[13.33333,6,12,7.33333],"texture":"#1"}}},{"from":[7.025,2.875,6.75],"to":[8.975,5.125,9],"rotation":{"angle":-45,"axis":"x","origin":[8,4.125,8]},"faces":{"north":{"uv":[9.33333,10,10.66667,11.66667],"texture":"#1"},"east":{"uv":[8,3.33333,9.66667,5],"texture":"#1"},"south":{"uv":[10.66667,0,12,1.66667],"texture":"#1"},"west":{"uv":[8.66667,5.33333,10.33333,7],"texture":"#1"},"up":{"uv":[5.33333,12.33333,4,10.66667],"texture":"#1"},"down":{"uv":[12,5.33333,10.66667,7],"texture":"#1"}}},{"from":[7.25,5.5,7.25],"to":[8.75,9,8.75],"rotation":{"angle":0,"axis":"y","origin":[8,2.5,8]},"faces":{"north":{"uv":[6.66667,9.33333,7.66667,11.66667],"texture":"#1"},"east":{"uv":[10,2.66667,11,5],"texture":"#1"},"south":{"uv":[10,7.33333,11,9.66667],"texture":"#1"},"west":{"uv":[8,10,9,12.33333],"texture":"#1"},"up":{"uv":[3.66667,14.33333,2.66667,13.33333],"texture":"#1"},"down":{"uv":[14.33333,4,13.33333,5],"texture":"#1"}}},{"from":[7,8.9,7],"to":[9,10.4,9],"rotation":{"angle":0,"axis":"y","origin":[8,10.4,8]},"faces":{"north":{"uv":[12,12.66667,13.33333,13.66667],"texture":"#1"},"east":{"uv":[0,13.33333,1.33333,14.33333],"texture":"#1"},"south":{"uv":[13.33333,0,14.66667,1],"texture":"#1"},"west":{"uv":[1.33333,13.33333,2.66667,14.33333],"texture":"#1"},"up":{"uv":[8,13.33333,6.66667,12],"texture":"#1"},"down":{"uv":[10.66667,12,9.33333,13.33333],"texture":"#1"}}},{"from":[7,6.8,7],"to":[9,7.8,9],"rotation":{"angle":0,"axis":"y","origin":[8,11.4,8]},"faces":{"north":{"uv":[13.33333,1.33333,14.66667,2],"texture":"#1"},"east":{"uv":[13.33333,6.66667,14.66667,7.33333],"texture":"#1"},"south":{"uv":[9.33333,13.33333,10.66667,14],"texture":"#1"},"west":{"uv":[13.33333,10,14.66667,10.66667],"texture":"#1"},"up":{"uv":[13.33333,10.66667,12,9.33333],"texture":"#1"},"down":{"uv":[12,12,10.66667,13.33333],"texture":"#1"}}},{"from":[6.13,17.155,5.88],"to":[9.87,18.345,10.12],"rotation":{"angle":0,"axis":"y","origin":[8,8,8]},"faces":{"north":{"uv":[12,12,14.33333,12.66667],"texture":"#1"},"east":{"uv":[12,10.66667,14.66667,11.33333],"texture":"#1"},"south":{"uv":[12.66667,2,15,2.66667],"texture":"#1"},"west":{"uv":[12,11.33333,14.66667,12],"texture":"#1"},"up":{"uv":[2.33333,2.66667,0,0],"texture":"#1"},"down":{"uv":[2.33333,2.66667,0,5.33333],"texture":"#1"}}},{"from":[7.43,10.25681,7.35319],"to":[8.57,18.49681,8.59319],"rotation":{"angle":0,"axis":"y","origin":[8,12.37681,7.87319]},"faces":{"north":{"uv":[1.33333,8,2,13.33333],"texture":"#1"},"east":{"uv":[2,8,2.66667,13.33333],"texture":"#1"},"south":{"uv":[2.66667,8,3.33333,13.33333],"texture":"#1"},"west":{"uv":[3.33333,8,4,13.33333],"texture":"#1"},"up":{"uv":[10,3.33333,9.33333,2.66667],"texture":"#1"},"down":{"uv":[8.66667,9.33333,8,10],"texture":"#1"}}},{"from":[6.344,18.219,6.319],"to":[9.656,21.531,9.631],"rotation":{"angle":0,"axis":"y","origin":[8,8,8]},"faces":{"north":{"uv":[2.66667,0,5,2.33333],"texture":"#1"},"east":{"uv":[2.66667,2.66667,5,5],"texture":"#1"},"south":{"uv":[0,5.33333,2.33333,7.66667],"texture":"#1"},"west":{"uv":[5.33333,0,7.66667,2.33333],"texture":"#1"},"up":{"uv":[5,7.66667,2.66667,5.33333],"texture":"#1"},"down":{"uv":[7.66667,2.66667,5.33333,5],"texture":"#1"}}},{"from":[7.18,14.25681,7.10319],"to":[8.82,18.49681,8.84319],"rotation":{"angle":0,"axis":"y","origin":[8,12.37681,7.87319]},"faces":{"north":{"uv":[4,8,5,10.66667],"texture":"#1"},"east":{"uv":[8.66667,7.33333,9.66667,10],"texture":"#1"},"south":{"uv":[9.33333,0,10.33333,2.66667],"texture":"#1"},"west":{"uv":[5.33333,9.33333,6.33333,12],"texture":"#1"},"up":{"uv":[6.33333,14.33333,5.33333,13.33333],"texture":"#1"},"down":{"uv":[14.33333,5.33333,13.33333,6.33333],"texture":"#1"}}},{"from":[7.094,17.53988,3.41029],"to":[8.906,19.80188,7.72229],"rotation":{"angle":-22.5,"axis":"x","origin":[8,18.16718,4.31151]},"faces":{"north":{"uv":[10.66667,10,12,11.66667],"texture":"#1"},"east":{"uv":[5.33333,5.33333,8.33333,7],"texture":"#1"},"south":{"uv":[0,11.33333,1.33333,13],"texture":"#1"},"west":{"uv":[5.33333,7.33333,8.33333,9],"texture":"#1"},"up":{"uv":[1.33333,11,0,8],"texture":"#1"},"down":{"uv":[9.33333,0,8,3],"texture":"#1"}}},{"from":[7.344,15.65423,1.8816],"to":[8.656,18.51623,3.2936],"rotation":{"angle":45,"axis":"x","origin":[8,17.36023,3.2876]},"faces":{"north":{"uv":[11.33333,2,12.33333,4],"texture":"#1"},"east":{"uv":[11.33333,7.33333,12.33333,9.33333],"texture":"#1"},"south":{"uv":[12,0,13,2],"texture":"#1"},"west":{"uv":[12,4,13,6],"texture":"#1"},"up":{"uv":[7.66667,14.33333,6.66667,13.33333],"texture":"#1"},"down":{"uv":[14.33333,8.66667,13.33333,9.66667],"texture":"#1"}}}],"gui_light":"front","display":{"thirdperson_righthand":{"translation":[0,-1.75,2]},"thirdperson_lefthand":{"translation":[0,-1.75,2]},"firstperson_righthand":{"translation":[3,1.75,0]},"firstperson_lefthand":{"translation":[3,1.75,0]},"ground":{"rotation":[0,0,49],"translation":[1,1.5,0],"scale":[0.42,0.42,0.42]},"gui":{"rotation":[95,139,-90],"translation":[3.5,-3,-1.25],"scale":[0.92,0.92,0.92]},"fixed":{"rotation":[90,49,-90],"translation":[-2.5,-3.75,-1.25],"scale":[1.03,1.03,1.03]}},"groups":[{"name":"group","origin":[8,17.36023,3.2876],"color":0,"children":[0,1,2,3,4,5,6,7,8,9,10]}]}