{"credit":"MadewithBlockbench","texture_size":[32,32],"textures":{"2":"haloween:halloween/shovel"},"elements":[{"from":[7,4.025,7],"to":[9,5.525,9],"rotation":{"angle":0,"axis":"y","origin":[8,4.125,8]},"faces":{"north":{"uv":[11,0,12,0.75],"texture":"#2"},"east":{"uv":[0.5,11,1.5,11.75],"texture":"#2"},"south":{"uv":[11,1,12,1.75],"texture":"#2"},"west":{"uv":[1.5,11,2.5,11.75],"texture":"#2"},"up":{"uv":[7,11,6,10],"texture":"#2"},"down":{"uv":[11,6,10,7],"texture":"#2"}}},{"from":[7.025,2.875,6.75],"to":[8.975,5.125,9],"rotation":{"angle":-45,"axis":"x","origin":[8,4.125,8]},"faces":{"north":{"uv":[9,5,10,6.25],"texture":"#2"},"east":{"uv":[0,8,1.25,9.25],"texture":"#2"},"south":{"uv":[9,6.5,10,7.75],"texture":"#2"},"west":{"uv":[1.5,8,2.75,9.25],"texture":"#2"},"up":{"uv":[10,9.25,9,8],"texture":"#2"},"down":{"uv":[1,9.5,0,10.75],"texture":"#2"}}},{"from":[7.25,5.5,7.25],"to":[8.75,9,8.75],"rotation":{"angle":0,"axis":"y","origin":[8,2.5,8]},"faces":{"north":{"uv":[8,6,8.75,7.75],"texture":"#2"},"east":{"uv":[7,8,7.75,9.75],"texture":"#2"},"south":{"uv":[8,8,8.75,9.75],"texture":"#2"},"west":{"uv":[8.5,0,9.25,1.75],"texture":"#2"},"up":{"uv":[11.75,7.75,11,7],"texture":"#2"},"down":{"uv":[8.75,11,8,11.75],"texture":"#2"}}},{"from":[7,8.9,7],"to":[9,10.4,9],"rotation":{"angle":0,"axis":"y","origin":[8,10.4,8]},"faces":{"north":{"uv":[11,3,12,3.75],"texture":"#2"},"east":{"uv":[11,4,12,4.75],"texture":"#2"},"south":{"uv":[11,5,12,5.75],"texture":"#2"},"west":{"uv":[6,11,7,11.75],"texture":"#2"},"up":{"uv":[8,11,7,10],"texture":"#2"},"down":{"uv":[11,7,10,8],"texture":"#2"}}},{"from":[7,6.8,7],"to":[9,7.8,9],"rotation":{"angle":0,"axis":"y","origin":[8,11.4,8]},"faces":{"north":{"uv":[2.5,11.5,3.5,12],"texture":"#2"},"east":{"uv":[3.5,11.5,4.5,12],"texture":"#2"},"south":{"uv":[4.5,11.5,5.5,12],"texture":"#2"},"west":{"uv":[12,0,13,0.5],"texture":"#2"},"up":{"uv":[9,11,8,10],"texture":"#2"},"down":{"uv":[11,8,10,9],"texture":"#2"}}},{"from":[6.13,17.155,5.88],"to":[9.87,18.345,10.12],"rotation":{"angle":0,"axis":"y","origin":[8,8,8]},"faces":{"north":{"uv":[10.5,2,12.25,2.5],"texture":"#2"},"east":{"uv":[10,9,12,9.5],"texture":"#2"},"south":{"uv":[10.5,2.5,12.25,3],"texture":"#2"},"west":{"uv":[10,9.5,12,10],"texture":"#2"},"up":{"uv":[3.75,2,2,0],"texture":"#2"},"down":{"uv":[3.75,2,2,4],"texture":"#2"}}},{"from":[7.43,10.25681,7.35319],"to":[8.57,18.49681,8.59319],"rotation":{"angle":0,"axis":"y","origin":[8,12.37681,7.87319]},"faces":{"north":{"uv":[6,4,6.5,8],"texture":"#2"},"east":{"uv":[5,6,5.5,10],"texture":"#2"},"south":{"uv":[5.5,6,6,10],"texture":"#2"},"west":{"uv":[6.5,4,7,8],"texture":"#2"},"up":{"uv":[9,4,8.5,3.5],"texture":"#2"},"down":{"uv":[10,3,9.5,3.5],"texture":"#2"}}},{"from":[6.344,18.219,6.319],"to":[9.656,21.531,9.631],"rotation":{"angle":0,"axis":"y","origin":[8,8,8]},"faces":{"north":{"uv":[0,4,1.75,5.75],"texture":"#2"},"east":{"uv":[4,0,5.75,1.75],"texture":"#2"},"south":{"uv":[2,4,3.75,5.75],"texture":"#2"},"west":{"uv":[4,2,5.75,3.75],"texture":"#2"},"up":{"uv":[5.75,5.75,4,4],"texture":"#2"},"down":{"uv":[1.75,6,0,7.75],"texture":"#2"}}},{"from":[7.18,14.25681,7.10319],"to":[8.82,18.49681,8.84319],"rotation":{"angle":0,"axis":"y","origin":[8,12.37681,7.87319]},"faces":{"north":{"uv":[3,8,3.75,10],"texture":"#2"},"east":{"uv":[4,8,4.75,10],"texture":"#2"},"south":{"uv":[8,4,8.75,6],"texture":"#2"},"west":{"uv":[6,8,6.75,10],"texture":"#2"},"up":{"uv":[11.75,8.75,11,8],"texture":"#2"},"down":{"uv":[9.75,11,9,11.75],"texture":"#2"}}},{"from":[7.094,16.65641,6.3842],"to":[8.906,19.96841,8.6462],"rotation":{"angle":-45,"axis":"x","origin":[8,18.16718,5.31151]},"faces":{"north":{"uv":[7.5,0,8.5,1.75],"texture":"#2"},"east":{"uv":[6,2,7.25,3.75],"texture":"#2"},"south":{"uv":[7.5,2,8.5,3.75],"texture":"#2"},"west":{"uv":[3.5,6,4.75,7.75],"texture":"#2"},"up":{"uv":[10.5,1.25,9.5,0],"texture":"#2"},"down":{"uv":[2,9.5,1,10.75],"texture":"#2"}}},{"from":[7.344,20.22975,4.89217],"to":[8.656,23.09175,6.30417],"rotation":{"angle":0,"axis":"y","origin":[8,17.66075,3.59817]},"faces":{"north":{"uv":[10,3,10.75,4.5],"texture":"#2"},"east":{"uv":[4,10,4.75,11.5],"texture":"#2"},"south":{"uv":[10,4.5,10.75,6],"texture":"#2"},"west":{"uv":[5,10,5.75,11.5],"texture":"#2"},"up":{"uv":[11.75,10.75,11,10],"texture":"#2"},"down":{"uv":[11.75,11,11,11.75],"texture":"#2"}}},{"from":[7.9,21,6.1],"to":[9,25,10.1],"rotation":{"angle":45,"axis":"x","origin":[8,23.1,8]},"faces":{"north":{"uv":[10,10,10.5,12],"texture":"#2"},"east":{"uv":[0,0,2,2],"texture":"#2"},"south":{"uv":[10.5,0,11,2],"texture":"#2"},"west":{"uv":[0,2,2,4],"texture":"#2"},"up":{"uv":[11,12,10.5,10],"texture":"#2"},"down":{"uv":[0.5,11,0,13],"texture":"#2"}}},{"from":[7.094,16.65641,7.3538],"to":[8.906,19.96841,9.6158],"rotation":{"angle":45,"axis":"x","origin":[8,18.16718,10.68849]},"faces":{"north":{"uv":[7,4,8,5.75],"texture":"#2"},"east":{"uv":[6,0,7.25,1.75],"texture":"#2"},"south":{"uv":[7,6,8,7.75],"texture":"#2"},"west":{"uv":[2,6,3.25,7.75],"texture":"#2"},"up":{"uv":[9.5,3.25,8.5,2],"texture":"#2"},"down":{"uv":[10,3.5,9,4.75],"texture":"#2"}}},{"from":[7.344,20.22975,9.69583],"to":[8.656,23.09175,11.10783],"rotation":{"angle":0,"axis":"y","origin":[8,17.66075,12.40183]},"faces":{"north":{"uv":[9.5,1.5,10.25,3],"texture":"#2"},"east":{"uv":[2,9.5,2.75,11],"texture":"#2"},"south":{"uv":[9,9.5,9.75,11],"texture":"#2"},"west":{"uv":[3,10,3.75,11.5],"texture":"#2"},"up":{"uv":[11.75,6.75,11,6],"texture":"#2"},"down":{"uv":[7.75,11,7,11.75],"texture":"#2"}}}],"gui_light":"front","display":{"thirdperson_righthand":{"translation":[0,-1.75,2]},"thirdperson_lefthand":{"translation":[0,-1.75,2]},"firstperson_righthand":{"translation":[1.5,-1.5,0]},"firstperson_lefthand":{"translation":[1.5,-1.5,0]},"ground":{"rotation":[0,0,49],"translation":[1,1.5,0],"scale":[0.42,0.42,0.42]},"gui":{"rotation":[95,139,-90],"translation":[4,-3.75,-1.25],"scale":[0.85,0.85,0.85]},"fixed":{"rotation":[90,49,-90],"translation":[-5,-4.5,-1.25],"scale":[1.03,1.03,1.03]}},"groups":[{"name":"group","origin":[8,17.66075,12.40183],"color":0,"children":[0,1,2,3,4,5,6,7,8,9,10,11,12,13]}]}