{"credit":"MadewithBlockbench","texture_size":[24,24],"textures":{"2":"haloween:halloween/staff"},"elements":[{"from":[7,4.025,7],"to":[9,5.525,9],"rotation":{"angle":0,"axis":"y","origin":[8,4.125,8]},"faces":{"north":{"uv":[10.66667,8,12,9],"texture":"#2"},"east":{"uv":[10.66667,9.33333,12,10.33333],"texture":"#2"},"south":{"uv":[10.66667,10.66667,12,11.66667],"texture":"#2"},"west":{"uv":[11.33333,0,12.66667,1],"texture":"#2"},"up":{"uv":[2.66667,12,1.33333,10.66667],"texture":"#2"},"down":{"uv":[12,2,10.66667,3.33333],"texture":"#2"}}},{"from":[7.025,2.875,6.75],"to":[8.975,5.125,9],"rotation":{"angle":-45,"axis":"x","origin":[8,4.125,8]},"faces":{"north":{"uv":[0,10,1.33333,11.66667],"texture":"#2"},"east":{"uv":[0,8,1.66667,9.66667],"texture":"#2"},"south":{"uv":[10,0,11.33333,1.66667],"texture":"#2"},"west":{"uv":[8,0,9.66667,1.66667],"texture":"#2"},"up":{"uv":[9.33333,11.66667,8,10],"texture":"#2"},"down":{"uv":[10.66667,10,9.33333,11.66667],"texture":"#2"}}},{"from":[7.25,5.5,7.25],"to":[8.75,9,8.75],"rotation":{"angle":0,"axis":"y","origin":[8,2.5,8]},"faces":{"north":{"uv":[8,7.33333,9,9.66667],"texture":"#2"},"east":{"uv":[9.33333,2,10.33333,4.33333],"texture":"#2"},"south":{"uv":[9.33333,4.66667,10.33333,7],"texture":"#2"},"west":{"uv":[9.33333,7.33333,10.33333,9.66667],"texture":"#2"},"up":{"uv":[13,2.33333,12,1.33333],"texture":"#2"},"down":{"uv":[3.66667,12,2.66667,13],"texture":"#2"}}},{"from":[7,8.9,7],"to":[9,10.4,9],"rotation":{"angle":0,"axis":"y","origin":[8,10.4,8]},"faces":{"north":{"uv":[5.33333,11.33333,6.66667,12.33333],"texture":"#2"},"east":{"uv":[6.66667,11.33333,8,12.33333],"texture":"#2"},"south":{"uv":[0,12,1.33333,13],"texture":"#2"},"west":{"uv":[1.33333,12,2.66667,13],"texture":"#2"},"up":{"uv":[4,12,2.66667,10.66667],"texture":"#2"},"down":{"uv":[12,3.33333,10.66667,4.66667],"texture":"#2"}}},{"from":[7,6.8,7],"to":[9,7.8,9],"rotation":{"angle":0,"axis":"y","origin":[8,11.4,8]},"faces":{"north":{"uv":[12,4,13.33333,4.66667],"texture":"#2"},"east":{"uv":[12,4.66667,13.33333,5.33333],"texture":"#2"},"south":{"uv":[12,5.33333,13.33333,6],"texture":"#2"},"west":{"uv":[8,12,9.33333,12.66667],"texture":"#2"},"up":{"uv":[5.33333,12,4,10.66667],"texture":"#2"},"down":{"uv":[12,4.66667,10.66667,6],"texture":"#2"}}},{"from":[7.43,10.25681,7.35319],"to":[8.57,18.49681,8.59319],"rotation":{"angle":0,"axis":"y","origin":[8,12.37681,7.87319]},"faces":{"north":{"uv":[5.33333,5.33333,6,10.66667],"texture":"#2"},"east":{"uv":[6,5.33333,6.66667,10.66667],"texture":"#2"},"south":{"uv":[6.66667,5.33333,7.33333,10.66667],"texture":"#2"},"west":{"uv":[7.33333,5.33333,8,10.66667],"texture":"#2"},"up":{"uv":[5.33333,8.66667,4.66667,8],"texture":"#2"},"down":{"uv":[5.33333,8.66667,4.66667,9.33333],"texture":"#2"}}},{"from":[7.18,14.25681,7.10319],"to":[8.82,18.49681,8.84319],"rotation":{"angle":0,"axis":"y","origin":[8,12.37681,7.87319]},"faces":{"north":{"uv":[2,8,3,10.66667],"texture":"#2"},"east":{"uv":[8,2,9,4.66667],"texture":"#2"},"south":{"uv":[3.33333,8,4.33333,10.66667],"texture":"#2"},"west":{"uv":[8,4.66667,9,7.33333],"texture":"#2"},"up":{"uv":[13,3.66667,12,2.66667],"texture":"#2"},"down":{"uv":[5,12,4,13],"texture":"#2"}}},{"from":[6.13,16.5425,5.8925],"to":[9.87,17.7325,10.1325],"rotation":{"angle":0,"axis":"y","origin":[8,8,8]},"faces":{"north":{"uv":[10.66667,6.66667,13,7.33333],"texture":"#2"},"east":{"uv":[5.33333,10.66667,8,11.33333],"texture":"#2"},"south":{"uv":[10.66667,7.33333,13,8],"texture":"#2"},"west":{"uv":[10.66667,6,13.33333,6.66667],"texture":"#2"},"up":{"uv":[2.33333,2.66667,0,0],"texture":"#2"},"down":{"uv":[2.33333,2.66667,0,5.33333],"texture":"#2"}}},{"from":[6.344,17.6065,6.3315],"to":[9.656,20.9185,9.6435],"rotation":{"angle":0,"axis":"y","origin":[8,8,8]},"faces":{"north":{"uv":[2.66667,0,5,2.33333],"texture":"#2"},"east":{"uv":[2.66667,2.66667,5,5],"texture":"#2"},"south":{"uv":[0,5.33333,2.33333,7.66667],"texture":"#2"},"west":{"uv":[5.33333,0,7.66667,2.33333],"texture":"#2"},"up":{"uv":[5,7.66667,2.66667,5.33333],"texture":"#2"},"down":{"uv":[7.66667,2.66667,5.33333,5],"texture":"#2"}}}],"gui_light":"front","display":{"thirdperson_righthand":{"translation":[0,-1.75,2]},"thirdperson_lefthand":{"translation":[0,-1.75,2]},"firstperson_righthand":{"translation":[1.75,0,0]},"firstperson_lefthand":{"translation":[1.75,0,0]},"ground":{"rotation":[0,0,49],"translation":[1,1.5,0],"scale":[0.42,0.42,0.42]},"gui":{"rotation":[95,139,-90],"translation":[3.5,-3,-1.25],"scale":[0.92,0.92,0.92]},"fixed":{"rotation":[90,49,-90],"translation":[-2.5,-3.75,-1.25],"scale":[1.03,1.03,1.03]}},"groups":[{"name":"group","origin":[8,8,8],"color":0,"children":[0,1,2,3,4,5,6,7,8]}]}