{"credit":"MadewithBlockbench","texture_size":[32,32],"textures":{"2":"haloween:halloween/sword"},"elements":[{"from":[7,4.025,7],"to":[9,5.525,9],"rotation":{"angle":0,"axis":"y","origin":[8,4.125,8]},"faces":{"north":{"uv":[9,8.5,10,9.25],"texture":"#2"},"east":{"uv":[9.5,0,10.5,0.75],"texture":"#2"},"south":{"uv":[2,9.5,3,10.25],"texture":"#2"},"west":{"uv":[4,9.5,5,10.25],"texture":"#2"},"up":{"uv":[2,10,1,9],"texture":"#2"},"down":{"uv":[10,1.5,9,2.5],"texture":"#2"}}},{"from":[7.025,2.875,6.75],"to":[8.975,5.125,9],"rotation":{"angle":-45,"axis":"x","origin":[8,4.125,8]},"faces":{"north":{"uv":[4,8,5,9.25],"texture":"#2"},"east":{"uv":[0.5,7.5,1.75,8.75],"texture":"#2"},"south":{"uv":[5,8,6,9.25],"texture":"#2"},"west":{"uv":[7.5,4,8.75,5.25],"texture":"#2"},"up":{"uv":[7,9.25,6,8],"texture":"#2"},"down":{"uv":[9.5,0,8.5,1.25],"texture":"#2"}}},{"from":[7.25,5.5,7.25],"to":[8.75,9,8.75],"rotation":{"angle":0,"axis":"y","origin":[8,2.5,8]},"faces":{"north":{"uv":[2,7.5,2.75,9.25],"texture":"#2"},"east":{"uv":[7.5,5.5,8.25,7.25],"texture":"#2"},"south":{"uv":[7.5,7.5,8.25,9.25],"texture":"#2"},"west":{"uv":[3,8,3.75,9.75],"texture":"#2"},"up":{"uv":[1.75,10.75,1,10],"texture":"#2"},"down":{"uv":[10.75,1,10,1.75],"texture":"#2"}}},{"from":[7,8.9,7],"to":[9,10.4,9],"rotation":{"angle":0,"axis":"y","origin":[8,10.4,8]},"faces":{"north":{"uv":[5,9.5,6,10.25],"texture":"#2"},"east":{"uv":[6,9.5,7,10.25],"texture":"#2"},"south":{"uv":[7.5,9.5,8.5,10.25],"texture":"#2"},"west":{"uv":[9,9.5,10,10.25],"texture":"#2"},"up":{"uv":[10,3.5,9,2.5],"texture":"#2"},"down":{"uv":[10,3.5,9,4.5],"texture":"#2"}}},{"from":[7,6.8,7],"to":[9,7.8,9],"rotation":{"angle":0,"axis":"y","origin":[8,11.4,8]},"faces":{"north":{"uv":[10,2,11,2.5],"texture":"#2"},"east":{"uv":[10,2.5,11,3],"texture":"#2"},"south":{"uv":[3,10,4,10.5],"texture":"#2"},"west":{"uv":[10,3,11,3.5],"texture":"#2"},"up":{"uv":[10,5.5,9,4.5],"texture":"#2"},"down":{"uv":[10,5.5,9,6.5],"texture":"#2"}}},{"from":[6.13,10.155,5.88],"to":[9.87,11.345,10.12],"rotation":{"angle":0,"axis":"y","origin":[8,8,8]},"faces":{"north":{"uv":[9,7.5,10.75,8],"texture":"#2"},"east":{"uv":[9,6.5,11,7],"texture":"#2"},"south":{"uv":[9,8,10.75,8.5],"texture":"#2"},"west":{"uv":[9,7,11,7.5],"texture":"#2"},"up":{"uv":[4.75,2,3,0],"texture":"#2"},"down":{"uv":[4.75,2,3,4],"texture":"#2"}}},{"from":[7.43,14.25681,7.25319],"to":[8.57,19.49681,8.49319],"rotation":{"angle":0,"axis":"y","origin":[8,12.37681,7.87319]},"faces":{"north":{"uv":[8.5,1.5,9,4],"texture":"#2"},"east":{"uv":[8.5,5.5,9,8],"texture":"#2"},"south":{"uv":[8.5,8,9,10.5],"texture":"#2"},"west":{"uv":[0.5,9,1,11.5],"texture":"#2"},"up":{"uv":[10,1.5,9.5,1],"texture":"#2"},"down":{"uv":[6.5,10.5,6,11],"texture":"#2"}}},{"from":[7.43,18.73037,7.86355],"to":[8.57,20.47037,9.10355],"rotation":{"angle":45,"axis":"x","origin":[8,19.85037,8.48355]},"faces":{"north":{"uv":[10,5.5,10.5,6.25],"texture":"#2"},"east":{"uv":[10.5,0,11,0.75],"texture":"#2"},"south":{"uv":[2,10.5,2.5,11.25],"texture":"#2"},"west":{"uv":[2.5,10.5,3,11.25],"texture":"#2"},"up":{"uv":[7,11,6.5,10.5],"texture":"#2"},"down":{"uv":[8,10.5,7.5,11],"texture":"#2"}}},{"from":[7.43,19.48718,8.48355],"to":[8.57,20.72718,10.22355],"rotation":{"angle":0,"axis":"y","origin":[8,20.10718,9.60355]},"faces":{"north":{"uv":[8,10.5,8.5,11],"texture":"#2"},"east":{"uv":[3,10.5,3.75,11],"texture":"#2"},"south":{"uv":[8.5,10.5,9,11],"texture":"#2"},"west":{"uv":[10.5,3.5,11.25,4],"texture":"#2"},"up":{"uv":[4.5,11.25,4,10.5],"texture":"#2"},"down":{"uv":[11,4,10.5,4.75],"texture":"#2"}}},{"from":[7.68,11.45681,5.00319],"to":[8.32,26.19681,7.49319],"rotation":{"angle":0,"axis":"y","origin":[8,12.57681,7.87319]},"faces":{"north":{"uv":[7,4,7.25,11.25],"texture":"#2"},"east":{"uv":[0,0,1.25,7.25],"texture":"#2"},"south":{"uv":[0,7.5,0.25,14.75],"texture":"#2"},"west":{"uv":[1.5,0,2.75,7.25],"texture":"#2"},"up":{"uv":[4.75,11.75,4.5,10.5],"texture":"#2"},"down":{"uv":[5.25,10.5,5,11.75],"texture":"#2"}}},{"from":[7.705,21.4304,14.02032],"to":[8.295,25.1954,16.51032],"rotation":{"angle":45,"axis":"x","origin":[8,34.69825,15.26532]},"faces":{"north":{"uv":[10,3.5,10.25,5.5],"texture":"#2"},"east":{"uv":[7,0,8.25,2],"texture":"#2"},"south":{"uv":[10,8.5,10.25,10.5],"texture":"#2"},"west":{"uv":[7,2,8.25,4],"texture":"#2"},"up":{"uv":[10.75,6.25,10.5,5],"texture":"#2"},"down":{"uv":[5.75,10.5,5.5,11.75],"texture":"#2"}}},{"from":[6.344,11.219,6.319],"to":[9.656,14.531,9.631],"rotation":{"angle":0,"axis":"y","origin":[8,8,8]},"faces":{"north":{"uv":[3,4,4.75,5.75],"texture":"#2"},"east":{"uv":[5,0,6.75,1.75],"texture":"#2"},"south":{"uv":[5,2,6.75,3.75],"texture":"#2"},"west":{"uv":[5,4,6.75,5.75],"texture":"#2"},"up":{"uv":[4.75,7.75,3,6],"texture":"#2"},"down":{"uv":[6.75,6,5,7.75],"texture":"#2"}}}],"gui_light":"front","display":{"thirdperson_righthand":{"translation":[0,-1.75,2]},"thirdperson_lefthand":{"translation":[0,-1.75,2]},"firstperson_righthand":{"translation":[2,-2.25,0]},"firstperson_lefthand":{"translation":[2,-2.25,0]},"ground":{"rotation":[0,0,49],"translation":[1,1.5,0],"scale":[0.42,0.42,0.42]},"gui":{"rotation":[-84.43,47.5,89.17],"translation":[4,-4.25,-1.25],"scale":[0.77,0.77,0.77]},"fixed":{"rotation":[-90,-46,-90],"translation":[-5.75,-4.75,-1.75],"scale":[0.9,0.9,0.9]}},"groups":[{"name":"group","origin":[8,8,8],"color":0,"children":[0,1,2,3,4,5,6,7,8,9,10,11]}]}