{
	"credit": "Made by PolygonMC",
	"texture_size": [24, 24],
	"textures": {
		"1": "custom:protocal/items/animations/animations_1",
		"3": "custom:protocal/items/greatsword"
	},
	"elements": [
		{
			"from": [7.75, 0, 7.5],
			"to": [8.25, 0.5, 8.5],
			"rotation": {"angle": -45, "axis": "x", "origin": [8, 1, 8]},
			"faces": {
				"east": {"uv": [6, 13.33333, 6.66667, 13.66667], "texture": "#3"},
				"west": {"uv": [13.33333, 6, 14, 6.33333], "texture": "#3"},
				"up": {"uv": [7, 14, 6.66667, 13.33333], "texture": "#3"},
				"down": {"uv": [13.66667, 6.66667, 13.33333, 7.33333], "texture": "#3"}
			}
		},
		{
			"from": [7.75, 1.5, 7.5],
			"to": [8.25, 2, 8.5],
			"rotation": {"angle": -45, "axis": "x", "origin": [8, 1, 8]},
			"faces": {
				"east": {"uv": [7.33333, 13.33333, 8, 13.66667], "texture": "#3"},
				"west": {"uv": [13.33333, 7.33333, 14, 7.66667], "texture": "#3"},
				"up": {"uv": [8.33333, 14, 8, 13.33333], "texture": "#3"},
				"down": {"uv": [13.66667, 8, 13.33333, 8.66667], "texture": "#3"}
			}
		},
		{
			"from": [7.75, 0, 7],
			"to": [8.25, 2, 7.5],
			"rotation": {"angle": -45, "axis": "x", "origin": [8, 1, 8]},
			"faces": {
				"north": {"uv": [8, 12, 8.33333, 13.33333], "texture": "#3"},
				"east": {"uv": [8.66667, 12, 9, 13.33333], "texture": "#3"},
				"south": {"uv": [12, 8.66667, 12.33333, 10], "texture": "#3"},
				"west": {"uv": [9.33333, 12, 9.66667, 13.33333], "texture": "#3"},
				"up": {"uv": [11.66667, 13.66667, 11.33333, 13.33333], "texture": "#3"},
				"down": {"uv": [13.66667, 11.33333, 13.33333, 11.66667], "texture": "#3"}
			}
		},
		{
			"from": [7.75, 0, 8.5],
			"to": [8.25, 2, 9],
			"rotation": {"angle": -45, "axis": "x", "origin": [8, 1, 8]},
			"faces": {
				"north": {"uv": [12, 10, 12.33333, 11.33333], "texture": "#3"},
				"east": {"uv": [10.66667, 12, 11, 13.33333], "texture": "#3"},
				"south": {"uv": [11.33333, 12, 11.66667, 13.33333], "texture": "#3"},
				"west": {"uv": [12, 11.33333, 12.33333, 12.66667], "texture": "#3"},
				"up": {"uv": [13.66667, 12.33333, 13.33333, 12], "texture": "#3"},
				"down": {"uv": [13.66667, 12.66667, 13.33333, 13], "texture": "#3"}
			}
		},
		{
			"from": [7.25, 1.5, 7.25],
			"to": [8.75, 3, 8.75],
			"rotation": {"angle": 45, "axis": "x", "origin": [8, 2.25, 8]},
			"faces": {
				"north": {"uv": [7.33333, 8.66667, 8.33333, 9.66667], "texture": "#3"},
				"east": {"uv": [9.33333, 0, 10.33333, 1], "texture": "#3"},
				"south": {"uv": [9.33333, 1.33333, 10.33333, 2.33333], "texture": "#3"},
				"west": {"uv": [9.33333, 2.66667, 10.33333, 3.66667], "texture": "#3"},
				"up": {"uv": [10.33333, 5, 9.33333, 4], "texture": "#3"},
				"down": {"uv": [10.33333, 5.33333, 9.33333, 6.33333], "texture": "#3"}
			}
		},
		{
			"from": [7.5, 1.5, 6.75],
			"to": [8.5, 3, 7.75],
			"rotation": {"angle": -22.5, "axis": "x", "origin": [8, 2.25, 7.25]},
			"faces": {
				"north": {"uv": [6.66667, 10.66667, 7.33333, 11.66667], "texture": "#3"},
				"east": {"uv": [11.33333, 2.66667, 12, 3.66667], "texture": "#3"},
				"west": {"uv": [3.33333, 11.33333, 4, 12.33333], "texture": "#3"},
				"up": {"uv": [13.33333, 0.66667, 12.66667, 0], "texture": "#3"},
				"down": {"uv": [13.33333, 0.66667, 12.66667, 1.33333], "texture": "#3"}
			}
		},
		{
			"from": [7.5, 1.5, 8.25],
			"to": [8.5, 3, 9.25],
			"rotation": {"angle": 22.5, "axis": "x", "origin": [8, 2.25, 8.75]},
			"faces": {
				"east": {"uv": [4, 11.33333, 4.66667, 12.33333], "texture": "#3"},
				"south": {"uv": [11.33333, 4, 12, 5], "texture": "#3"},
				"west": {"uv": [10, 11.33333, 10.66667, 12.33333], "texture": "#3"},
				"up": {"uv": [13.33333, 2, 12.66667, 1.33333], "texture": "#3"},
				"down": {"uv": [13.33333, 2, 12.66667, 2.66667], "texture": "#3"}
			}
		},
		{
			"from": [7.4, 2.25, 7.4],
			"to": [8.6, 3.75, 8.6],
			"rotation": {"angle": 0, "axis": "y", "origin": [7.5, 2.25, 7.5]},
			"faces": {
				"north": {"uv": [5.33333, 10.66667, 6.16667, 11.66667], "texture": "#3"},
				"east": {"uv": [10.66667, 6, 11.5, 7], "texture": "#3"},
				"south": {"uv": [10.66667, 7.33333, 11.5, 8.33333], "texture": "#3"},
				"west": {"uv": [8.66667, 10.66667, 9.5, 11.66667], "texture": "#3"}
			}
		},
		{
			"from": [7.5, 4.25, 7.5],
			"to": [8.5, 6.25, 8.5],
			"rotation": {"angle": 0, "axis": "y", "origin": [7.5, 4.25, 7.5]},
			"faces": {
				"north": {"uv": [10.66667, 2, 11.33333, 3.33333], "texture": "#3"},
				"east": {"uv": [10.66667, 3.33333, 11.33333, 4.66667], "texture": "#3"},
				"south": {"uv": [4.66667, 10.66667, 5.33333, 12], "texture": "#3"},
				"west": {"uv": [10.66667, 4.66667, 11.33333, 6], "texture": "#3"}
			}
		},
		{
			"from": [7.3, 3.75, 7.3],
			"to": [8.7, 4.25, 8.7],
			"rotation": {"angle": 0, "axis": "y", "origin": [7.5, 3.75, 7.5]},
			"faces": {
				"north": {"uv": [13.33333, 0, 14.33333, 0.33333], "texture": "#3"},
				"east": {"uv": [13.33333, 0.66667, 14.33333, 1], "texture": "#3"},
				"south": {"uv": [13.33333, 1.33333, 14.33333, 1.66667], "texture": "#3"},
				"west": {"uv": [13.33333, 2, 14.33333, 2.33333], "texture": "#3"},
				"up": {"uv": [7, 10.33333, 6, 9.33333], "texture": "#3"},
				"down": {"uv": [10.33333, 6.66667, 9.33333, 7.66667], "texture": "#3"}
			}
		},
		{
			"from": [7.4, 6.75, 7.4],
			"to": [8.6, 8.25, 8.6],
			"rotation": {"angle": 0, "axis": "y", "origin": [7.5, 8.25, 7.5]},
			"faces": {
				"north": {"uv": [10.66667, 8.66667, 11.5, 9.66667], "texture": "#3"},
				"east": {"uv": [10.66667, 10, 11.5, 11], "texture": "#3"},
				"south": {"uv": [11.33333, 0, 12.16667, 1], "texture": "#3"},
				"west": {"uv": [11.33333, 1.33333, 12.16667, 2.33333], "texture": "#3"}
			}
		},
		{
			"from": [7.3, 6.25, 7.3],
			"to": [8.7, 6.75, 8.7],
			"rotation": {"angle": 0, "axis": "x", "origin": [8, 6.5, 8]},
			"faces": {
				"north": {"uv": [13.33333, 2.66667, 14.33333, 3], "texture": "#3"},
				"east": {"uv": [3.33333, 13.33333, 4.33333, 13.66667], "texture": "#3"},
				"south": {"uv": [13.33333, 3.33333, 14.33333, 3.66667], "texture": "#3"},
				"west": {"uv": [13.33333, 4, 14.33333, 4.33333], "texture": "#3"},
				"up": {"uv": [10.33333, 9, 9.33333, 8], "texture": "#3"},
				"down": {"uv": [9.66667, 9.33333, 8.66667, 10.33333], "texture": "#3"}
			}
		},
		{
			"from": [7.25, 8.25, 7.25],
			"to": [8.75, 9.25, 8.75],
			"rotation": {"angle": 0, "axis": "y", "origin": [7.25, 8.25, 7.25]},
			"faces": {
				"north": {"uv": [11.33333, 5.33333, 12.33333, 6], "texture": "#3"},
				"east": {"uv": [10.66667, 11.33333, 11.66667, 12], "texture": "#3"},
				"south": {"uv": [12, 2.66667, 13, 3.33333], "texture": "#3"},
				"west": {"uv": [12, 3.33333, 13, 4], "texture": "#3"},
				"down": {"uv": [4.33333, 10, 3.33333, 11], "texture": "#3"}
			}
		},
		{
			"from": [7.5, 7.75, 7],
			"to": [8.5, 10.75, 8],
			"rotation": {"angle": -22.5, "axis": "x", "origin": [7.5, 7.75, 6]},
			"faces": {
				"north": {"uv": [7.33333, 6.66667, 8, 8.66667], "texture": "#3"},
				"east": {"uv": [8, 0, 8.66667, 2], "texture": "#3"},
				"south": {"uv": [8, 2, 8.66667, 4], "texture": "#3"},
				"west": {"uv": [3.33333, 8, 4, 10], "texture": "#3"},
				"down": {"uv": [4, 12.66667, 3.33333, 13.33333], "texture": "#3"}
			}
		},
		{
			"from": [7.495, 10.11143, 6.69004],
			"to": [8.505, 11.61143, 7.69004],
			"rotation": {"angle": 45, "axis": "x", "origin": [7.995, 11.61143, 7.19004]},
			"faces": {
				"north": {"uv": [12, 4, 12.66667, 5], "texture": "#3"},
				"east": {"uv": [4.66667, 12, 5.33333, 13], "texture": "#3"},
				"south": {"uv": [5.33333, 12, 6, 13], "texture": "#3"},
				"west": {"uv": [6, 12, 6.66667, 13], "texture": "#3"},
				"up": {"uv": [4.66667, 13.33333, 4, 12.66667], "texture": "#3"},
				"down": {"uv": [13.33333, 4, 12.66667, 4.66667], "texture": "#3"}
			}
		},
		{
			"from": [7.495, 10.11143, 8.30996],
			"to": [8.505, 11.61143, 9.30996],
			"rotation": {"angle": -45, "axis": "x", "origin": [7.995, 11.61143, 8.80996]},
			"faces": {
				"north": {"uv": [12, 6, 12.66667, 7], "texture": "#3"},
				"east": {"uv": [6.66667, 12, 7.33333, 13], "texture": "#3"},
				"south": {"uv": [7.33333, 12, 8, 13], "texture": "#3"},
				"west": {"uv": [12, 7.33333, 12.66667, 8.33333], "texture": "#3"},
				"up": {"uv": [13.33333, 5.33333, 12.66667, 4.66667], "texture": "#3"},
				"down": {"uv": [13.33333, 5.33333, 12.66667, 6], "texture": "#3"}
			}
		},
		{
			"from": [7.5, 7.75, 8],
			"to": [8.5, 10.75, 9],
			"rotation": {"angle": 22.5, "axis": "x", "origin": [7.5, 7.75, 10]},
			"faces": {
				"north": {"uv": [4, 8, 4.66667, 10], "texture": "#3"},
				"east": {"uv": [8, 6.66667, 8.66667, 8.66667], "texture": "#3"},
				"south": {"uv": [8.66667, 0, 9.33333, 2], "texture": "#3"},
				"west": {"uv": [8.66667, 2, 9.33333, 4], "texture": "#3"},
				"down": {"uv": [13.33333, 6, 12.66667, 6.66667], "texture": "#3"}
			}
		},
		{
			"from": [7, 8.5, 8],
			"to": [9, 10.5, 10],
			"rotation": {"angle": -45, "axis": "x", "origin": [7, 8.5, 8]},
			"faces": {
				"north": {"uv": [6, 4, 7.33333, 5.33333], "texture": "#3"},
				"east": {"uv": [6, 5.33333, 7.33333, 6.66667], "texture": "#3"},
				"south": {"uv": [6.66667, 0, 8, 1.33333], "texture": "#3"},
				"west": {"uv": [6.66667, 1.33333, 8, 2.66667], "texture": "#3"},
				"up": {"uv": [8, 4, 6.66667, 2.66667], "texture": "#3"},
				"down": {"uv": [4.66667, 6.66667, 3.33333, 8], "texture": "#3"}
			}
		},
		{
			"from": [7.6, 9.85, 7],
			"to": [8.4, 12.85, 10],
			"rotation": {"angle": -45, "axis": "x", "origin": [8, 10.85, 8]},
			"faces": {
				"north": {"uv": [7.33333, 10, 7.83333, 12], "texture": "#3"},
				"east": {"uv": [4.66667, 0, 6.66667, 2], "texture": "#3"},
				"south": {"uv": [8, 10, 8.5, 12], "texture": "#3"},
				"west": {"uv": [4.66667, 2, 6.66667, 4], "texture": "#3"},
				"up": {"uv": [10.5, 11.33333, 10, 9.33333], "texture": "#3"},
				"down": {"uv": [11.16667, 0, 10.66667, 2], "texture": "#3"}
			}
		},
		{
			"from": [7.61, 15.78211, 8.57843],
			"to": [8.39, 16.78211, 9.57843],
			"rotation": {"angle": 45, "axis": "x", "origin": [7.985, 16.28211, 9.07843]},
			"faces": {
				"north": {"uv": [4.66667, 13.33333, 5.16667, 14], "texture": "#3"},
				"east": {"uv": [12.66667, 6.66667, 13.33333, 7.33333], "texture": "#3"},
				"south": {"uv": [13.33333, 4.66667, 13.83333, 5.33333], "texture": "#3"},
				"west": {"uv": [12.66667, 7.33333, 13.33333, 8], "texture": "#3"},
				"up": {"uv": [5.83333, 14, 5.33333, 13.33333], "texture": "#3"},
				"down": {"uv": [13.83333, 5.33333, 13.33333, 6], "texture": "#3"}
			}
		},
		{
			"from": [7.625, 12.28211, 8.37132],
			"to": [8.375, 16.28211, 9.37132],
			"rotation": {"angle": 0, "axis": "y", "origin": [7.625, 12.28211, 7.37132]},
			"faces": {
				"north": {"uv": [8.66667, 4, 9.16667, 6.66667], "texture": "#3"},
				"east": {"uv": [6, 6.66667, 6.66667, 9.33333], "texture": "#3"},
				"south": {"uv": [8.66667, 6.66667, 9.16667, 9.33333], "texture": "#3"},
				"west": {"uv": [6.66667, 6.66667, 7.33333, 9.33333], "texture": "#3"}
			}
		},
		{
			"from": [7.735, 27.55711, 8.42157],
			"to": [8.265, 28.55711, 9.42157],
			"rotation": {"angle": -45, "axis": "x", "origin": [7.86, 28.05711, 8.92157]},
			"faces": {
				"north": {"uv": [8.66667, 13.33333, 9, 14], "texture": "#3"},
				"east": {"uv": [12.66667, 8, 13.33333, 8.66667], "texture": "#3"},
				"south": {"uv": [13.33333, 8.66667, 13.66667, 9.33333], "texture": "#3"},
				"west": {"uv": [12.66667, 8.66667, 13.33333, 9.33333], "texture": "#3"},
				"up": {"uv": [9.66667, 14, 9.33333, 13.33333], "texture": "#3"},
				"down": {"uv": [13.66667, 9.33333, 13.33333, 10], "texture": "#3"}
			}
		},
		{
			"from": [7.75, 18.05711, 8.62868],
			"to": [8.25, 28.05711, 9.62868],
			"rotation": {"angle": 0, "axis": "y", "origin": [7.5, 18.05711, 10.62868]},
			"faces": {
				"north": {"uv": [4.66667, 4, 5, 10.66667], "texture": "#3"},
				"east": {"uv": [3.33333, 0, 4, 6.66667], "texture": "#3"},
				"south": {"uv": [5.33333, 4, 5.66667, 10.66667], "texture": "#3"},
				"west": {"uv": [4, 0, 4.66667, 6.66667], "texture": "#3"}
			}
		},
		{
			"from": [7.735, 17.55711, 8.42157],
			"to": [8.265, 18.55711, 9.42157],
			"rotation": {"angle": -45, "axis": "x", "origin": [7.86, 18.05711, 8.92157]},
			"faces": {
				"north": {"uv": [10, 13.33333, 10.33333, 14], "texture": "#3"},
				"east": {"uv": [12.66667, 9.33333, 13.33333, 10], "texture": "#3"},
				"south": {"uv": [13.33333, 10, 13.66667, 10.66667], "texture": "#3"},
				"west": {"uv": [10, 12.66667, 10.66667, 13.33333], "texture": "#3"},
				"up": {"uv": [11, 14, 10.66667, 13.33333], "texture": "#3"},
				"down": {"uv": [13.66667, 10.66667, 13.33333, 11.33333], "texture": "#3"}
			}
		},
		{
			"from": [7.7, 8.78934, 9.47487],
			"to": [8.3, 10.78934, 11.47487],
			"rotation": {"angle": 45, "axis": "x", "origin": [8, 9.78934, 10.47487]},
			"faces": {
				"north": {"uv": [12.66667, 10, 13, 11.33333], "texture": "#3"},
				"east": {"uv": [7.33333, 4, 8.66667, 5.33333], "texture": "#3"},
				"south": {"uv": [12.66667, 11.33333, 13, 12.66667], "texture": "#3"},
				"west": {"uv": [7.33333, 5.33333, 8.66667, 6.66667], "texture": "#3"},
				"up": {"uv": [12.33333, 14, 12, 12.66667], "texture": "#3"},
				"down": {"uv": [13, 12.66667, 12.66667, 14], "texture": "#3"}
			}
		},
		{
			"from": [7.8, 10, 9.5],
			"to": [7.8, 20, 11.5],
			"rotation": {"angle": 0, "axis": "y", "origin": [-0.05, -7.75, 2.5]},
			"faces": {
				"west": {"uv": [0, 0, 2.66667, 13.33333], "texture": "#1"}
			}
		},
		{
			"from": [8.2, 10, 9.5],
			"to": [8.2, 20, 11.5],
			"rotation": {"angle": 0, "axis": "y", "origin": [16.05, -7.75, 2.5]},
			"faces": {
				"east": {"uv": [2.66667, 0, 0, 13.33333], "texture": "#1"}
			}
		},
		{
			"from": [7.975, 11.5, 5.85],
			"to": [8.025, 32, 10.15],
			"rotation": {"angle": 0, "axis": "y", "origin": [7.975, 11.5, 6.85]},
			"faces": {
				"east": {"uv": [2.83333, 0, 0, 13.66667], "texture": "#3"},
				"west": {"uv": [0, 0, 2.83333, 13.66667], "texture": "#3"}
			}
		}
	],
	"gui_light": "front",
	"display": {
		"thirdperson_righthand": {
			"translation": [0, 0.25, 1]
		},
		"thirdperson_lefthand": {
			"translation": [0, 0.25, 1]
		},
		"firstperson_righthand": {
			"rotation": [-10, 0, 0],
			"translation": [0, -0.25, 0]
		},
		"firstperson_lefthand": {
			"rotation": [-10, 0, 0],
			"translation": [0, -0.25, 0]
		},
		"ground": {
			"rotation": [-45, 0, 0],
			"translation": [0, 7, 0]
		},
		"gui": {
			"rotation": [-90, 45, 90],
			"translation": [3.75, -4.25, 0],
			"scale": [0.71875, 0.71875, 0.71875]
		},
		"head": {
			"rotation": [0, 90, 0],
			"scale": [1.5, 1.5, 1.5]
		},
		"fixed": {
			"rotation": [0, -90, 0],
			"translation": [0, -13, -1.25],
			"scale": [1.7, 1.7, 1.7]
		}
	}
}