{
	"credit": "Made by PolygonMC",
	"texture_size": [32, 32],
	"textures": {
		"0": "custom:protocal/items/helmet",
		"particle": "custom:protocal/items/helmet"
	},
	"elements": [
		{
			"from": [11.5, 0, 7],
			"to": [12, 4, 12],
			"rotation": {"angle": 0, "axis": "y", "origin": [16, 0, 0]},
			"faces": {
				"north": {"uv": [10, 11.5, 10.25, 13.5], "texture": "#0"},
				"east": {"uv": [7, 6, 9.5, 8], "texture": "#0"},
				"south": {"uv": [6.5, 12, 6.75, 14], "texture": "#0"},
				"west": {"uv": [0, 8, 2.5, 10], "texture": "#0"},
				"down": {"uv": [1.25, 11.5, 1, 14], "texture": "#0"}
			}
		},
		{
			"from": [11.5, 0, 3.5],
			"to": [12, 2, 7],
			"rotation": {"angle": 0, "axis": "y", "origin": [16, 0, 0]},
			"faces": {
				"north": {"uv": [12.5, 2, 12.75, 3], "texture": "#0"},
				"east": {"uv": [9.5, 6, 11.25, 7], "texture": "#0"},
				"west": {"uv": [9.5, 7, 11.25, 8], "texture": "#0"},
				"up": {"uv": [11.75, 13.75, 11.5, 12], "texture": "#0"},
				"down": {"uv": [12.25, 12, 12, 13.75], "texture": "#0"}
			}
		},
		{
			"from": [10.5, 0, 3.5],
			"to": [11.5, 2, 4],
			"rotation": {"angle": 0, "axis": "y", "origin": [9.75, 1, 3.75]},
			"faces": {
				"north": {"uv": [11, 12, 11.5, 13], "texture": "#0"},
				"south": {"uv": [12, 11, 12.5, 12], "texture": "#0"},
				"west": {"uv": [12.5, 3, 12.75, 4], "texture": "#0"},
				"up": {"uv": [13, 4.25, 12.5, 4], "texture": "#0"},
				"down": {"uv": [13, 4.5, 12.5, 4.75], "texture": "#0"}
			}
		},
		{
			"from": [4.5, 0, 12],
			"to": [11.5, 8, 12.5],
			"rotation": {"angle": 0, "axis": "y", "origin": [7, 2, 11.75]},
			"faces": {
				"north": {"uv": [0, 0, 3.5, 4], "texture": "#0"},
				"east": {"uv": [10.5, 10, 10.75, 14], "texture": "#0"},
				"south": {"uv": [3.5, 0, 7, 4], "texture": "#0"},
				"west": {"uv": [11, 2, 11.25, 6], "texture": "#0"},
				"up": {"uv": [8, 11.75, 4.5, 11.5], "texture": "#0"},
				"down": {"uv": [15, 5, 11.5, 5.25], "texture": "#0"}
			}
		},
		{
			"from": [4.5, 7.75, 4],
			"to": [11.5, 8.5, 12],
			"rotation": {"angle": 0, "axis": "x", "origin": [8, 8.25, 8]},
			"faces": {
				"north": {"uv": [11.5, 5.5, 15, 5.75], "texture": "#0"},
				"east": {"uv": [11, 10, 15, 10.25], "texture": "#0"},
				"south": {"uv": [11.5, 6, 15, 6.25], "texture": "#0"},
				"west": {"uv": [11, 10.5, 15, 10.75], "texture": "#0"},
				"up": {"uv": [3.5, 8, 0, 4], "texture": "#0"},
				"down": {"uv": [7, 4, 3.5, 8], "texture": "#0"}
			}
		},
		{
			"from": [11.5, 4, 4],
			"to": [12, 8, 12],
			"rotation": {"angle": 0, "axis": "y", "origin": [16, 0, 0]},
			"faces": {
				"north": {"uv": [7, 12, 7.25, 14], "texture": "#0"},
				"east": {"uv": [7, 2, 11, 4], "texture": "#0"},
				"south": {"uv": [7.5, 12, 7.75, 14], "texture": "#0"},
				"west": {"uv": [7, 4, 11, 6], "texture": "#0"},
				"up": {"uv": [1.75, 14, 1.5, 10], "texture": "#0"},
				"down": {"uv": [2.25, 10, 2, 14], "texture": "#0"}
			}
		},
		{
			"from": [4, 4, 4],
			"to": [4.5, 8, 12],
			"faces": {
				"north": {"uv": [7.25, 12, 7, 14], "texture": "#0"},
				"east": {"uv": [11, 4, 7, 6], "texture": "#0"},
				"south": {"uv": [7.75, 12, 7.5, 14], "texture": "#0"},
				"west": {"uv": [11, 2, 7, 4], "texture": "#0"},
				"up": {"uv": [1.5, 14, 1.75, 10], "texture": "#0"},
				"down": {"uv": [2, 10, 2.25, 14], "texture": "#0"}
			}
		},
		{
			"from": [4, 0, 7],
			"to": [4.5, 4, 12],
			"faces": {
				"north": {"uv": [10.25, 11.5, 10, 13.5], "texture": "#0"},
				"east": {"uv": [2.5, 8, 0, 10], "texture": "#0"},
				"south": {"uv": [6.75, 12, 6.5, 14], "texture": "#0"},
				"west": {"uv": [9.5, 6, 7, 8], "texture": "#0"},
				"down": {"uv": [1, 11.5, 1.25, 14], "texture": "#0"}
			}
		},
		{
			"from": [4, 0, 3.5],
			"to": [4.5, 2, 7],
			"faces": {
				"north": {"uv": [12.75, 2, 12.5, 3], "texture": "#0"},
				"east": {"uv": [11.25, 7, 9.5, 8], "texture": "#0"},
				"west": {"uv": [11.25, 6, 9.5, 7], "texture": "#0"},
				"up": {"uv": [11.5, 13.75, 11.75, 12], "texture": "#0"},
				"down": {"uv": [12, 12, 12.25, 13.75], "texture": "#0"}
			}
		},
		{
			"from": [4.5, 0, 3.5],
			"to": [5.5, 2, 4],
			"rotation": {"angle": 0, "axis": "y", "origin": [6.25, 1, 3.75]},
			"faces": {
				"north": {"uv": [11.5, 12, 11, 13], "texture": "#0"},
				"east": {"uv": [12.75, 3, 12.5, 4], "texture": "#0"},
				"south": {"uv": [12.5, 11, 12, 12], "texture": "#0"},
				"up": {"uv": [12.5, 4.25, 13, 4], "texture": "#0"},
				"down": {"uv": [12.5, 4.5, 13, 4.75], "texture": "#0"}
			}
		},
		{
			"from": [4.5, 6, 3.5],
			"to": [11.5, 8, 4],
			"rotation": {"angle": 0, "axis": "y", "origin": [7.5, 6, 3.75]},
			"faces": {
				"north": {"uv": [4.5, 9, 8, 10], "texture": "#0"},
				"east": {"uv": [0, 12.5, 0.25, 13.5], "texture": "#0"},
				"south": {"uv": [8, 9, 11.5, 10], "texture": "#0"},
				"west": {"uv": [12.5, 0, 12.75, 1], "texture": "#0"},
				"up": {"uv": [15, 6.75, 11.5, 6.5], "texture": "#0"},
				"down": {"uv": [15, 7, 11.5, 7.25], "texture": "#0"}
			}
		},
		{
			"from": [7, 7, 3],
			"to": [9, 9, 13],
			"rotation": {"angle": 0, "axis": "y", "origin": [7, 0, 0]},
			"faces": {
				"north": {"uv": [11, 11, 12, 12], "texture": "#0"},
				"east": {"uv": [2.5, 8, 7.5, 9], "texture": "#0"},
				"south": {"uv": [0, 11.5, 1, 12.5], "texture": "#0"},
				"west": {"uv": [7.5, 8, 12.5, 9], "texture": "#0"},
				"up": {"uv": [3.5, 14, 2.5, 9], "texture": "#0"},
				"down": {"uv": [4.5, 9, 3.5, 14], "texture": "#0"}
			}
		},
		{
			"from": [10.95, 5.75051, 6.5],
			"to": [13.45, 8.25051, 9],
			"rotation": {"angle": 22.5, "axis": "z", "origin": [14.02572, 7.87526, 7.75]},
			"faces": {
				"north": {"uv": [7.5, 10, 8.75, 11.25], "rotation": 270, "texture": "#0"},
				"east": {"uv": [10.25, 11.25, 9, 10], "rotation": 180, "texture": "#0"},
				"south": {"uv": [4.5, 10, 5.75, 11.25], "rotation": 90, "texture": "#0"},
				"up": {"uv": [6, 10, 7.25, 11.25], "rotation": 90, "texture": "#0"},
				"down": {"uv": [0, 10, 1.25, 11.25], "rotation": 90, "texture": "#0"}
			}
		},
		{
			"from": [13.57941, 6.52596, 6.7375],
			"to": [15.60441, 8.55096, 8.7625],
			"rotation": {"angle": -45, "axis": "z", "origin": [14.02572, 7.87526, 7.75]},
			"faces": {
				"north": {"uv": [11.5, 2, 12.5, 3], "rotation": 270, "texture": "#0"},
				"east": {"uv": [12.5, 4, 11.5, 3], "rotation": 180, "texture": "#0"},
				"south": {"uv": [11.5, 0, 12.5, 1], "rotation": 90, "texture": "#0"},
				"west": {"uv": [12.5, 4, 11.5, 5], "texture": "#0"},
				"up": {"uv": [11.5, 1, 12.5, 2], "rotation": 90, "texture": "#0"}
			}
		},
		{
			"from": [14.03451, 7.94, 6.97038],
			"to": [15.59376, 9.49925, 8.52962],
			"rotation": {"angle": -22.5, "axis": "z", "origin": [14.02572, 7.87526, 7.75]},
			"faces": {
				"north": {"uv": [11.5, 9, 12.25, 9.75], "rotation": 270, "texture": "#0"},
				"east": {"uv": [5.25, 12.75, 4.5, 12], "rotation": 180, "texture": "#0"},
				"south": {"uv": [8, 11.5, 8.75, 12.25], "rotation": 90, "texture": "#0"},
				"west": {"uv": [6.25, 12, 5.5, 12.75], "texture": "#0"},
				"up": {"uv": [9, 11.5, 9.75, 12.25], "rotation": 90, "texture": "#0"}
			}
		},
		{
			"from": [14.75401, 8.75839, 7.1263],
			"to": [16.00141, 10.00579, 8.3737],
			"rotation": {"angle": 0, "axis": "z", "origin": [14.02572, 7.87526, 7.75]},
			"faces": {
				"north": {"uv": [0.5, 12.5, 1, 13], "rotation": 270, "texture": "#0"},
				"east": {"uv": [13, 1.5, 12.5, 1], "rotation": 180, "texture": "#0"},
				"south": {"uv": [11.5, 7.5, 12, 8], "rotation": 90, "texture": "#0"},
				"west": {"uv": [13, 1.5, 12.5, 2], "texture": "#0"},
				"up": {"uv": [12, 7.5, 12.5, 8], "rotation": 90, "texture": "#0"}
			}
		},
		{
			"from": [12.1, -0.75, 6.5],
			"to": [12.15, 3.25, 15.5],
			"rotation": {"angle": -22.5, "axis": "x", "origin": [12.1, -0.75, 6.5]},
			"faces": {
				"east": {"uv": [11.5, 14, 16, 16], "texture": "#0"},
				"west": {"uv": [16, 14, 11.5, 16], "texture": "#0"}
			}
		},
		{
			"from": [2.55, 5.75051, 6.5],
			"to": [5.05, 8.25051, 9],
			"rotation": {"angle": -22.5, "axis": "z", "origin": [1.97428, 7.87526, 7.75]},
			"faces": {
				"north": {"uv": [7.5, 11.25, 8.75, 10], "rotation": 270, "texture": "#0"},
				"south": {"uv": [4.5, 11.25, 5.75, 10], "rotation": 90, "texture": "#0"},
				"west": {"uv": [9, 11.25, 10.25, 10], "rotation": 180, "texture": "#0"},
				"up": {"uv": [6, 11.25, 7.25, 10], "rotation": 90, "texture": "#0"},
				"down": {"uv": [0, 11.25, 1.25, 10], "rotation": 90, "texture": "#0"}
			}
		},
		{
			"from": [0.39559, 6.52596, 6.7375],
			"to": [2.42059, 8.55096, 8.7625],
			"rotation": {"angle": 45, "axis": "z", "origin": [1.97428, 7.87526, 7.75]},
			"faces": {
				"north": {"uv": [11.5, 3, 12.5, 2], "rotation": 270, "texture": "#0"},
				"east": {"uv": [11.5, 4, 12.5, 5], "texture": "#0"},
				"south": {"uv": [11.5, 1, 12.5, 0], "rotation": 90, "texture": "#0"},
				"west": {"uv": [11.5, 4, 12.5, 3], "rotation": 180, "texture": "#0"},
				"up": {"uv": [11.5, 2, 12.5, 1], "rotation": 90, "texture": "#0"}
			}
		},
		{
			"from": [0.40624, 7.94, 6.97038],
			"to": [1.96549, 9.49925, 8.52962],
			"rotation": {"angle": 22.5, "axis": "z", "origin": [1.97428, 7.87526, 7.75]},
			"faces": {
				"north": {"uv": [11.5, 9.75, 12.25, 9], "rotation": 270, "texture": "#0"},
				"east": {"uv": [5.5, 12, 6.25, 12.75], "texture": "#0"},
				"south": {"uv": [8, 12.25, 8.75, 11.5], "rotation": 90, "texture": "#0"},
				"west": {"uv": [4.5, 12.75, 5.25, 12], "rotation": 180, "texture": "#0"},
				"up": {"uv": [9, 12.25, 9.75, 11.5], "rotation": 90, "texture": "#0"}
			}
		},
		{
			"from": [-0.00141, 8.75839, 7.1263],
			"to": [1.24599, 10.00579, 8.3737],
			"rotation": {"angle": 0, "axis": "z", "origin": [1.97428, 7.87526, 7.75]},
			"faces": {
				"north": {"uv": [0.5, 13, 1, 12.5], "rotation": 270, "texture": "#0"},
				"east": {"uv": [12.5, 1.5, 13, 2], "texture": "#0"},
				"south": {"uv": [11.5, 8, 12, 7.5], "rotation": 90, "texture": "#0"},
				"west": {"uv": [12.5, 1.5, 13, 1], "rotation": 180, "texture": "#0"},
				"up": {"uv": [12, 8, 12.5, 7.5], "rotation": 90, "texture": "#0"}
			}
		},
		{
			"from": [3.85, -0.75, 6.5],
			"to": [3.9, 3.25, 15.5],
			"rotation": {"angle": -22.5, "axis": "x", "origin": [3.9, -0.75, 6.5]},
			"faces": {
				"east": {"uv": [11.5, 14, 16, 16], "texture": "#0"},
				"west": {"uv": [16, 14, 11.5, 16], "texture": "#0"}
			}
		}
	],
	"gui_light": "front",
	"display": {
		"thirdperson_righthand": {
			"rotation": [63.25, 0, 0],
			"translation": [0, 3.25, 3],
			"scale": [0.60547, 0.60547, 0.60547]
		},
		"thirdperson_lefthand": {
			"rotation": [63.25, 0, 0],
			"translation": [0, 3.25, 3],
			"scale": [0.60547, 0.60547, 0.60547]
		},
		"firstperson_righthand": {
			"rotation": [157, 0, -180],
			"translation": [-2, 5.75, 0.75],
			"scale": [0.82031, 0.82031, 0.82031]
		},
		"firstperson_lefthand": {
			"rotation": [157, 0, -180],
			"translation": [-2, 5.75, 0.75],
			"scale": [0.82031, 0.82031, 0.82031]
		},
		"ground": {
			"rotation": [35, 0, 0],
			"translation": [0, 10.75, 2.5]
		},
		"gui": {
			"rotation": [0, 180, 0],
			"translation": [0, 3.5, 0],
			"scale": [1.10352, 1.10352, 1.10352]
		},
		"head": {
			"translation": [0, 7.5, -0.25],
			"scale": [1.9082, 1.9082, 1.9082]
		},
		"fixed": {
			"rotation": [-90, 0, 0],
			"translation": [0, 0, -22.5],
			"scale": [2.81836, 2.81836, 2.81836]
		}
	}
}