{
	"credit": "Made by PolygonMC",
	"texture_size": [20, 20],
	"textures": {
		"1": "custom:protocal/items/animations/animations_2",
		"3": "custom:protocal/items/shovel"
	},
	"elements": [
		{
			"from": [7.75, 0, 7.5],
			"to": [8.25, 0.5, 8.5],
			"rotation": {"angle": -45, "axis": "x", "origin": [8, 1, 8]},
			"faces": {
				"east": {"uv": [12, 14.4, 12.8, 14.8], "texture": "#3"},
				"west": {"uv": [14.4, 12, 15.2, 12.4], "texture": "#3"},
				"up": {"uv": [13.2, 15.2, 12.8, 14.4], "texture": "#3"},
				"down": {"uv": [14.8, 12.8, 14.4, 13.6], "texture": "#3"}
			}
		},
		{
			"from": [7.75, 1.5, 7.5],
			"to": [8.25, 2, 8.5],
			"rotation": {"angle": -45, "axis": "x", "origin": [8, 1, 8]},
			"faces": {
				"east": {"uv": [14.4, 13.6, 15.2, 14], "texture": "#3"},
				"west": {"uv": [14.4, 14.4, 15.2, 14.8], "texture": "#3"},
				"up": {"uv": [15.6, 0.8, 15.2, 0], "texture": "#3"},
				"down": {"uv": [15.6, 0.8, 15.2, 1.6], "texture": "#3"}
			}
		},
		{
			"from": [7.75, 0, 7],
			"to": [8.25, 2, 7.5],
			"rotation": {"angle": -45, "axis": "x", "origin": [8, 1, 8]},
			"faces": {
				"north": {"uv": [4, 13.6, 4.4, 15.2], "texture": "#3"},
				"east": {"uv": [4.8, 13.6, 5.2, 15.2], "texture": "#3"},
				"south": {"uv": [13.6, 4.8, 14, 6.4], "texture": "#3"},
				"west": {"uv": [5.6, 13.6, 6, 15.2], "texture": "#3"},
				"up": {"uv": [2, 15.6, 1.6, 15.2], "texture": "#3"},
				"down": {"uv": [15.6, 1.6, 15.2, 2], "texture": "#3"}
			}
		},
		{
			"from": [7.75, 0, 8.5],
			"to": [8.25, 2, 9],
			"rotation": {"angle": -45, "axis": "x", "origin": [8, 1, 8]},
			"faces": {
				"north": {"uv": [6.4, 13.6, 6.8, 15.2], "texture": "#3"},
				"east": {"uv": [13.6, 6.4, 14, 8], "texture": "#3"},
				"south": {"uv": [7.2, 13.6, 7.6, 15.2], "texture": "#3"},
				"west": {"uv": [8, 13.6, 8.4, 15.2], "texture": "#3"},
				"up": {"uv": [15.6, 2.8, 15.2, 2.4], "texture": "#3"},
				"down": {"uv": [15.6, 3.2, 15.2, 3.6], "texture": "#3"}
			}
		},
		{
			"from": [7.25, 1.5, 7.25],
			"to": [8.75, 3, 8.75],
			"rotation": {"angle": 45, "axis": "x", "origin": [8, 2.25, 8]},
			"faces": {
				"north": {"uv": [8.8, 4.8, 10, 6], "texture": "#3"},
				"east": {"uv": [2.4, 9.6, 3.6, 10.8], "texture": "#3"},
				"south": {"uv": [9.6, 6.4, 10.8, 7.6], "texture": "#3"},
				"west": {"uv": [9.6, 8, 10.8, 9.2], "texture": "#3"},
				"up": {"uv": [10.8, 10.8, 9.6, 9.6], "texture": "#3"},
				"down": {"uv": [11.6, 0, 10.4, 1.2], "texture": "#3"}
			}
		},
		{
			"from": [7.5, 1.5, 6.75],
			"to": [8.5, 3, 7.75],
			"rotation": {"angle": -22.5, "axis": "x", "origin": [8, 2.25, 7.25]},
			"faces": {
				"north": {"uv": [1.6, 12, 2.4, 13.2], "texture": "#3"},
				"east": {"uv": [4, 12, 4.8, 13.2], "texture": "#3"},
				"west": {"uv": [12, 11.2, 12.8, 12.4], "texture": "#3"},
				"up": {"uv": [8, 7.2, 7.2, 6.4], "texture": "#3"},
				"down": {"uv": [14.4, 8, 13.6, 8.8], "texture": "#3"}
			}
		},
		{
			"from": [7.5, 1.5, 8.25],
			"to": [8.5, 3, 9.25],
			"rotation": {"angle": 22.5, "axis": "x", "origin": [8, 2.25, 8.75]},
			"faces": {
				"east": {"uv": [0, 12.8, 0.8, 14], "texture": "#3"},
				"south": {"uv": [0.8, 12.8, 1.6, 14], "texture": "#3"},
				"west": {"uv": [2.4, 12.8, 3.2, 14], "texture": "#3"},
				"up": {"uv": [9.6, 14.4, 8.8, 13.6], "texture": "#3"},
				"down": {"uv": [14.4, 8.8, 13.6, 9.6], "texture": "#3"}
			}
		},
		{
			"from": [7.4, 2.25, 7.4],
			"to": [8.6, 3.75, 8.6],
			"rotation": {"angle": 0, "axis": "y", "origin": [7.5, 2.25, 7.5]},
			"faces": {
				"north": {"uv": [8.8, 11.2, 9.8, 12.4], "texture": "#3"},
				"east": {"uv": [11.2, 9.6, 12.2, 10.8], "texture": "#3"},
				"south": {"uv": [10.4, 11.2, 11.4, 12.4], "texture": "#3"},
				"west": {"uv": [12, 0, 13, 1.2], "texture": "#3"}
			}
		},
		{
			"from": [7.5, 4.25, 7.5],
			"to": [8.5, 6.25, 8.5],
			"rotation": {"angle": 0, "axis": "y", "origin": [7.5, 4.25, 7.5]},
			"faces": {
				"north": {"uv": [11.2, 6.4, 12, 8], "texture": "#3"},
				"east": {"uv": [7.2, 11.2, 8, 12.8], "texture": "#3"},
				"south": {"uv": [8, 11.2, 8.8, 12.8], "texture": "#3"},
				"west": {"uv": [11.2, 8, 12, 9.6], "texture": "#3"}
			}
		},
		{
			"from": [7.3, 3.75, 7.3],
			"to": [8.7, 4.25, 8.7],
			"rotation": {"angle": 0, "axis": "y", "origin": [7.5, 3.75, 7.5]},
			"faces": {
				"north": {"uv": [14.4, 4.8, 15.6, 5.2], "texture": "#3"},
				"east": {"uv": [14.4, 5.6, 15.6, 6], "texture": "#3"},
				"south": {"uv": [14.4, 6.4, 15.6, 6.8], "texture": "#3"},
				"west": {"uv": [14.4, 7.2, 15.6, 7.6], "texture": "#3"},
				"up": {"uv": [11.6, 2.8, 10.4, 1.6], "texture": "#3"},
				"down": {"uv": [11.6, 3.2, 10.4, 4.4], "texture": "#3"}
			}
		},
		{
			"from": [7.4, 6.75, 7.4],
			"to": [8.6, 8.25, 8.6],
			"rotation": {"angle": 0, "axis": "y", "origin": [7.5, 8.25, 7.5]},
			"faces": {
				"north": {"uv": [12, 1.6, 13, 2.8], "texture": "#3"},
				"east": {"uv": [12, 3.2, 13, 4.4], "texture": "#3"},
				"south": {"uv": [12, 4.8, 13, 6], "texture": "#3"},
				"west": {"uv": [12, 6.4, 13, 7.6], "texture": "#3"}
			}
		},
		{
			"from": [7.3, 6.25, 7.3],
			"to": [8.7, 6.75, 8.7],
			"rotation": {"angle": 0, "axis": "x", "origin": [8, 6.5, 8]},
			"faces": {
				"north": {"uv": [14.4, 8, 15.6, 8.4], "texture": "#3"},
				"east": {"uv": [8.8, 14.4, 10, 14.8], "texture": "#3"},
				"south": {"uv": [14.4, 8.8, 15.6, 9.2], "texture": "#3"},
				"west": {"uv": [14.4, 9.6, 15.6, 10], "texture": "#3"},
				"up": {"uv": [11.6, 6, 10.4, 4.8], "texture": "#3"},
				"down": {"uv": [1.2, 11.2, 0, 12.4], "texture": "#3"}
			}
		},
		{
			"from": [7.25, 11.25, 7.25],
			"to": [8.75, 12.25, 8.75],
			"rotation": {"angle": 0, "axis": "y", "origin": [7.25, 11.25, 7.25]},
			"faces": {
				"north": {"uv": [7.2, 12.8, 8.4, 13.6], "texture": "#3"},
				"east": {"uv": [8.8, 12.8, 10, 13.6], "texture": "#3"},
				"south": {"uv": [12.8, 9.6, 14, 10.4], "texture": "#3"},
				"west": {"uv": [10.4, 12.8, 11.6, 13.6], "texture": "#3"},
				"down": {"uv": [3.6, 11.2, 2.4, 12.4], "texture": "#3"}
			}
		},
		{
			"from": [7.5, 10.75, 7],
			"to": [8.5, 13.75, 8],
			"rotation": {"angle": -22.5, "axis": "x", "origin": [7.5, 10.75, 6]},
			"faces": {
				"north": {"uv": [1.6, 7.2, 2.4, 9.6], "texture": "#3"},
				"east": {"uv": [4.8, 8.8, 5.6, 11.2], "texture": "#3"},
				"south": {"uv": [5.6, 8.8, 6.4, 11.2], "texture": "#3"},
				"west": {"uv": [6.4, 8.8, 7.2, 11.2], "texture": "#3"},
				"down": {"uv": [10.4, 13.6, 9.6, 14.4], "texture": "#3"}
			}
		},
		{
			"from": [7.495, 13.11143, 6.69004],
			"to": [8.505, 14.61143, 7.69004],
			"rotation": {"angle": 45, "axis": "x", "origin": [7.995, 14.61143, 7.19004]},
			"faces": {
				"north": {"uv": [3.2, 12.8, 4, 14], "texture": "#3"},
				"east": {"uv": [12.8, 10.4, 13.6, 11.6], "texture": "#3"},
				"south": {"uv": [12, 12.8, 12.8, 14], "texture": "#3"},
				"west": {"uv": [12.8, 12, 13.6, 13.2], "texture": "#3"},
				"up": {"uv": [11.2, 14.4, 10.4, 13.6], "texture": "#3"},
				"down": {"uv": [14.4, 10.4, 13.6, 11.2], "texture": "#3"}
			}
		},
		{
			"from": [7.495, 13.11143, 8.30996],
			"to": [8.505, 14.61143, 9.30996],
			"rotation": {"angle": -45, "axis": "x", "origin": [7.995, 14.61143, 8.80996]},
			"faces": {
				"north": {"uv": [13.6, 0, 14.4, 1.2], "texture": "#3"},
				"east": {"uv": [1.6, 13.6, 2.4, 14.8], "texture": "#3"},
				"south": {"uv": [13.6, 1.6, 14.4, 2.8], "texture": "#3"},
				"west": {"uv": [13.6, 3.2, 14.4, 4.4], "texture": "#3"},
				"up": {"uv": [12, 14.4, 11.2, 13.6], "texture": "#3"},
				"down": {"uv": [14.4, 11.2, 13.6, 12], "texture": "#3"}
			}
		},
		{
			"from": [7.5, 10.75, 8],
			"to": [8.5, 13.75, 9],
			"rotation": {"angle": 22.5, "axis": "x", "origin": [7.5, 10.75, 10]},
			"faces": {
				"north": {"uv": [7.2, 8.8, 8, 11.2], "texture": "#3"},
				"east": {"uv": [8, 8.8, 8.8, 11.2], "texture": "#3"},
				"south": {"uv": [8.8, 8.8, 9.6, 11.2], "texture": "#3"},
				"west": {"uv": [1.6, 9.6, 2.4, 12], "texture": "#3"},
				"down": {"uv": [14.4, 12, 13.6, 12.8], "texture": "#3"}
			}
		},
		{
			"from": [7, 11.5, 8],
			"to": [9, 13.5, 10],
			"rotation": {"angle": -45, "axis": "x", "origin": [7, 11.5, 8]},
			"faces": {
				"north": {"uv": [5.6, 2.4, 7.2, 4], "texture": "#3"},
				"east": {"uv": [5.6, 4, 7.2, 5.6], "texture": "#3"},
				"south": {"uv": [5.6, 5.6, 7.2, 7.2], "texture": "#3"},
				"west": {"uv": [0, 7.2, 1.6, 8.8], "texture": "#3"},
				"up": {"uv": [8.8, 1.6, 7.2, 0], "texture": "#3"},
				"down": {"uv": [8.8, 1.6, 7.2, 3.2], "texture": "#3"}
			}
		},
		{
			"from": [7.6, 12.85, 7],
			"to": [8.4, 15.85, 10],
			"rotation": {"angle": -45, "axis": "x", "origin": [8, 13.85, 8]},
			"faces": {
				"north": {"uv": [4, 9.6, 4.6, 12], "texture": "#3"},
				"east": {"uv": [0, 4.8, 2.4, 7.2], "texture": "#3"},
				"south": {"uv": [4.8, 11.2, 5.4, 13.6], "texture": "#3"},
				"west": {"uv": [4.8, 0, 7.2, 2.4], "texture": "#3"},
				"up": {"uv": [6.2, 13.6, 5.6, 11.2], "texture": "#3"},
				"down": {"uv": [7, 11.2, 6.4, 13.6], "texture": "#3"}
			}
		},
		{
			"from": [7.61, 18.88612, 7.97314],
			"to": [8.39, 19.88612, 8.97314],
			"rotation": {"angle": 45, "axis": "x", "origin": [8, 18.39868, 9.60702]},
			"faces": {
				"north": {"uv": [10.4, 14.4, 11, 15.2], "texture": "#3"},
				"east": {"uv": [12.8, 13.6, 13.6, 14.4], "texture": "#3"},
				"south": {"uv": [14.4, 10.4, 15, 11.2], "texture": "#3"},
				"west": {"uv": [13.6, 12.8, 14.4, 13.6], "texture": "#3"},
				"up": {"uv": [11.8, 15.2, 11.2, 14.4], "texture": "#3"},
				"down": {"uv": [15, 11.2, 14.4, 12], "texture": "#3"}
			}
		},
		{
			"from": [7.625, 13.89868, 9.21057],
			"to": [8.375, 19.89868, 10.21057],
			"rotation": {"angle": 0, "axis": "x", "origin": [8, 18.39868, 9.60702]},
			"faces": {
				"north": {"uv": [3.2, 4.8, 3.8, 9.6], "texture": "#3"},
				"east": {"uv": [2.4, 4.8, 3.2, 9.6], "texture": "#3"},
				"south": {"uv": [4, 4.8, 4.6, 9.6], "texture": "#3"},
				"west": {"uv": [4.8, 2.4, 5.6, 7.2], "texture": "#3"}
			}
		},
		{
			"from": [7.625, 13.89868, 5.78943],
			"to": [8.375, 19.89868, 6.78943],
			"rotation": {"angle": 0, "axis": "x", "origin": [8, 18.39868, 6.39298]},
			"faces": {
				"north": {"uv": [4.6, 4.8, 4, 9.6], "texture": "#3"},
				"east": {"uv": [3.2, 4.8, 2.4, 9.6], "texture": "#3"},
				"south": {"uv": [3.8, 4.8, 3.2, 9.6], "texture": "#3"},
				"west": {"uv": [5.6, 2.4, 4.8, 7.2], "texture": "#3"}
			}
		},
		{
			"from": [7.61, 18.88612, 7.02686],
			"to": [8.39, 19.88612, 8.02686],
			"rotation": {"angle": -45, "axis": "x", "origin": [8, 18.39868, 6.39298]},
			"faces": {
				"north": {"uv": [15, 10.4, 14.4, 11.2], "texture": "#3"},
				"east": {"uv": [13.6, 13.6, 12.8, 14.4], "texture": "#3"},
				"south": {"uv": [11, 14.4, 10.4, 15.2], "texture": "#3"},
				"west": {"uv": [14.4, 12.8, 13.6, 13.6], "texture": "#3"},
				"up": {"uv": [11.8, 14.4, 11.2, 15.2], "texture": "#3"},
				"down": {"uv": [15, 12, 14.4, 11.2], "texture": "#3"}
			}
		},
		{
			"from": [7.7, 11.78934, 4.52513],
			"to": [8.3, 13.78934, 6.52513],
			"rotation": {"angle": -45, "axis": "x", "origin": [8, 12.78934, 5.52513]},
			"faces": {
				"north": {"uv": [13.6, 13.6, 14, 15.2], "texture": "#3"},
				"east": {"uv": [7.2, 3.2, 8.8, 4.8], "texture": "#3"},
				"south": {"uv": [0, 14.4, 0.4, 16], "texture": "#3"},
				"west": {"uv": [4.8, 7.2, 6.4, 8.8], "texture": "#3"},
				"up": {"uv": [14.8, 1.6, 14.4, 0], "texture": "#3"},
				"down": {"uv": [1.2, 14.4, 0.8, 16], "texture": "#3"}
			}
		},
		{
			"from": [7.375, 8.25, 7.375],
			"to": [8.625, 11.25, 8.625],
			"rotation": {"angle": 0, "axis": "y", "origin": [7.375, 8.25, 6.625]},
			"faces": {
				"north": {"uv": [8, 6.4, 9, 8.8], "texture": "#3"},
				"east": {"uv": [0, 8.8, 1, 11.2], "texture": "#3"},
				"south": {"uv": [8.8, 0, 9.8, 2.4], "texture": "#3"},
				"west": {"uv": [8.8, 2.4, 9.8, 4.8], "texture": "#3"},
				"down": {"uv": [13, 8, 12, 9], "texture": "#3"}
			}
		},
		{
			"from": [7.7, 11.78934, 9.47487],
			"to": [8.3, 13.78934, 11.47487],
			"rotation": {"angle": 45, "axis": "x", "origin": [8, 12.78934, 10.47487]},
			"faces": {
				"north": {"uv": [14.4, 1.6, 14.8, 3.2], "texture": "#3"},
				"east": {"uv": [7.2, 4.8, 8.8, 6.4], "texture": "#3"},
				"south": {"uv": [2.4, 14.4, 2.8, 16], "texture": "#3"},
				"west": {"uv": [6.4, 7.2, 8, 8.8], "texture": "#3"},
				"up": {"uv": [3.6, 16, 3.2, 14.4], "texture": "#3"},
				"down": {"uv": [14.8, 3.2, 14.4, 4.8], "texture": "#3"}
			}
		},
		{
			"from": [7.1, 11.95, -2],
			"to": [7.1, 13.95, 8],
			"rotation": {"angle": 0, "axis": "x", "origin": [7.1, 12.95, 3]},
			"faces": {
				"west": {"uv": [0, 0, 2.66667, 13.33333], "rotation": 270, "texture": "#1"}
			}
		},
		{
			"from": [7.1, 11.95, 8],
			"to": [7.1, 13.95, 18],
			"rotation": {"angle": 0, "axis": "x", "origin": [7.1, 12.95, 13]},
			"faces": {
				"west": {"uv": [0, 13.33333, 2.66667, 0], "rotation": 270, "texture": "#1"}
			}
		},
		{
			"from": [8.9, 11.95, 8],
			"to": [8.9, 13.95, 18],
			"rotation": {"angle": 0, "axis": "x", "origin": [8.9, 12.95, 13]},
			"faces": {
				"east": {"uv": [0, 0, 2.66667, 13.33333], "rotation": 270, "texture": "#1"}
			}
		},
		{
			"from": [8.9, 11.95, -2],
			"to": [8.9, 13.95, 8],
			"rotation": {"angle": 0, "axis": "x", "origin": [8.9, 12.95, 3]},
			"faces": {
				"east": {"uv": [0, 13.33333, 2.66667, 0], "rotation": 270, "texture": "#1"}
			}
		},
		{
			"from": [7.975, 15.25, 5],
			"to": [8.025, 20.55, 11],
			"rotation": {"angle": 0, "axis": "y", "origin": [7.975, 15.25, 5.5]},
			"faces": {
				"east": {"uv": [4.8, 0, 0, 4.2], "texture": "#3"},
				"west": {"uv": [0, 0, 4.8, 4.2], "texture": "#3"}
			}
		}
	],
	"gui_light": "front",
	"display": {
		"thirdperson_righthand": {
			"translation": [0, 0.25, 1]
		},
		"thirdperson_lefthand": {
			"translation": [0, 0.25, 1]
		},
		"firstperson_righthand": {
			"rotation": [-10, 0, 0],
			"translation": [0, 1.75, 0]
		},
		"firstperson_lefthand": {
			"rotation": [-10, 0, 0],
			"translation": [0, 1.75, 0]
		},
		"ground": {
			"rotation": [45, 0, 0],
			"translation": [0, 7, 0]
		},
		"gui": {
			"rotation": [90, -45, 90],
			"translation": [1.5, -1.5, 0],
			"scale": [0.71875, 0.71875, 0.71875]
		},
		"head": {
			"rotation": [0, 90, 0],
			"scale": [1.5, 1.5, 1.5]
		},
		"fixed": {
			"rotation": [0, 90, 0],
			"translation": [0, -3.25, -1.25],
			"scale": [1.7, 1.7, 1.7]
		}
	}
}