{
	"credit": "Made by PolygonMC",
	"texture_size": [12, 12],
	"textures": {
		"0": "custom:protocal/items/sword",
		"1": "custom:protocal/items/animations/animations_1",
		"particle": "custom:protocal/items/sword"
	},
	"elements": [
		{
			"from": [7.75, 0, 7.5],
			"to": [8.25, 0.5, 8.5],
			"rotation": {"angle": -45, "axis": "x", "origin": [8, 1, 8]},
			"faces": {
				"east": {"uv": [13.33333, 12, 14, 12.33333], "texture": "#0"},
				"west": {"uv": [12.66667, 13.33333, 13.33333, 13.66667], "texture": "#0"},
				"up": {"uv": [13.66667, 13.33333, 13.33333, 12.66667], "texture": "#0"},
				"down": {"uv": [13.66667, 13.33333, 13.33333, 14], "texture": "#0"}
			}
		},
		{
			"from": [7.75, 1.5, 7.5],
			"to": [8.25, 2, 8.5],
			"rotation": {"angle": -45, "axis": "x", "origin": [8, 1, 8]},
			"faces": {
				"east": {"uv": [14, 0, 14.66667, 0.33333], "texture": "#0"},
				"west": {"uv": [0.66667, 14, 1.33333, 14.33333], "texture": "#0"},
				"up": {"uv": [14.33333, 1.33333, 14, 0.66667], "texture": "#0"},
				"down": {"uv": [1.66667, 14, 1.33333, 14.66667], "texture": "#0"}
			}
		},
		{
			"from": [7.75, 0, 7],
			"to": [8.25, 2, 7.5],
			"rotation": {"angle": -45, "axis": "x", "origin": [8, 1, 8]},
			"faces": {
				"north": {"uv": [12.66667, 9.33333, 13, 10.66667], "texture": "#0"},
				"east": {"uv": [10, 12.66667, 10.33333, 14], "texture": "#0"},
				"south": {"uv": [10.66667, 12.66667, 11, 14], "texture": "#0"},
				"west": {"uv": [12.66667, 10.66667, 13, 12], "texture": "#0"},
				"up": {"uv": [6.33333, 14.33333, 6, 14], "texture": "#0"},
				"down": {"uv": [7, 14, 6.66667, 14.33333], "texture": "#0"}
			}
		},
		{
			"from": [7.75, 0, 8.5],
			"to": [8.25, 2, 9],
			"rotation": {"angle": -45, "axis": "x", "origin": [8, 1, 8]},
			"faces": {
				"north": {"uv": [11.33333, 12.66667, 11.66667, 14], "texture": "#0"},
				"east": {"uv": [12, 12.66667, 12.33333, 14], "texture": "#0"},
				"south": {"uv": [12.66667, 12, 13, 13.33333], "texture": "#0"},
				"west": {"uv": [0, 13.33333, 0.33333, 14.66667], "texture": "#0"},
				"up": {"uv": [7.66667, 14.33333, 7.33333, 14], "texture": "#0"},
				"down": {"uv": [8.33333, 14, 8, 14.33333], "texture": "#0"}
			}
		},
		{
			"from": [7.25, 1.5, 7.25],
			"to": [8.75, 3, 8.75],
			"rotation": {"angle": 45, "axis": "x", "origin": [8, 2.25, 8]},
			"faces": {
				"north": {"uv": [10, 1.33333, 11, 2.33333], "texture": "#0"},
				"east": {"uv": [10, 2.66667, 11, 3.66667], "texture": "#0"},
				"south": {"uv": [10, 4, 11, 5], "texture": "#0"},
				"west": {"uv": [10, 5.33333, 11, 6.33333], "texture": "#0"},
				"up": {"uv": [11, 7.66667, 10, 6.66667], "texture": "#0"},
				"down": {"uv": [8.33333, 10, 7.33333, 11], "texture": "#0"}
			}
		},
		{
			"from": [7.5, 1.5, 6.75],
			"to": [8.5, 3, 7.75],
			"rotation": {"angle": -22.5, "axis": "x", "origin": [8, 2.25, 7.25]},
			"faces": {
				"north": {"uv": [6, 12.66667, 6.66667, 13.66667], "texture": "#0"},
				"east": {"uv": [6.66667, 12.66667, 7.33333, 13.66667], "texture": "#0"},
				"west": {"uv": [7.33333, 12.66667, 8, 13.66667], "texture": "#0"},
				"up": {"uv": [9.33333, 2, 8.66667, 1.33333], "texture": "#0"},
				"down": {"uv": [10, 5.33333, 9.33333, 6], "texture": "#0"}
			}
		},
		{
			"from": [7.5, 1.5, 8.25],
			"to": [8.5, 3, 9.25],
			"rotation": {"angle": 22.5, "axis": "x", "origin": [8, 2.25, 8.75]},
			"faces": {
				"east": {"uv": [7.33333, 12.66667, 6.66667, 13.66667], "texture": "#0"},
				"south": {"uv": [6.66667, 12.66667, 6, 13.66667], "texture": "#0"},
				"west": {"uv": [8, 12.66667, 7.33333, 13.66667], "texture": "#0"},
				"up": {"uv": [9.33333, 1.33333, 8.66667, 2], "texture": "#0"},
				"down": {"uv": [10, 6, 9.33333, 5.33333], "texture": "#0"}
			}
		},
		{
			"from": [7.4, 2.25, 7.4],
			"to": [8.6, 3.75, 8.6],
			"rotation": {"angle": 0, "axis": "y", "origin": [7.5, 2.25, 7.5]},
			"faces": {
				"north": {"uv": [11.33333, 8, 12.16667, 9], "texture": "#0"},
				"east": {"uv": [11.33333, 9.33333, 12.16667, 10.33333], "texture": "#0"},
				"south": {"uv": [11.33333, 10.66667, 12.16667, 11.66667], "texture": "#0"},
				"west": {"uv": [12, 1.33333, 12.83333, 2.33333], "texture": "#0"}
			}
		},
		{
			"from": [7.5, 4.25, 7.5],
			"to": [8.5, 6.25, 8.5],
			"rotation": {"angle": 0, "axis": "y", "origin": [7.5, 4.25, 7.5]},
			"faces": {
				"north": {"uv": [11.33333, 5.33333, 12, 6.66667], "texture": "#0"},
				"east": {"uv": [11.33333, 6.66667, 12, 8], "texture": "#0"},
				"south": {"uv": [7.33333, 11.33333, 8, 12.66667], "texture": "#0"},
				"west": {"uv": [8, 11.33333, 8.66667, 12.66667], "texture": "#0"}
			}
		},
		{
			"from": [7.3, 3.75, 7.3],
			"to": [8.7, 4.25, 8.7],
			"rotation": {"angle": 0, "axis": "y", "origin": [7.5, 3.75, 7.5]},
			"faces": {
				"north": {"uv": [13.33333, 4.66667, 14.33333, 5], "texture": "#0"},
				"east": {"uv": [13.33333, 5.33333, 14.33333, 5.66667], "texture": "#0"},
				"south": {"uv": [13.33333, 6, 14.33333, 6.33333], "texture": "#0"},
				"west": {"uv": [13.33333, 6.66667, 14.33333, 7], "texture": "#0"},
				"up": {"uv": [11, 9, 10, 8], "texture": "#0"},
				"down": {"uv": [11, 9.33333, 10, 10.33333], "texture": "#0"}
			}
		},
		{
			"from": [7.4, 6.75, 7.4],
			"to": [8.6, 8.25, 8.6],
			"rotation": {"angle": 0, "axis": "y", "origin": [7.5, 8.25, 7.5]},
			"faces": {
				"north": {"uv": [12, 2.66667, 12.83333, 3.66667], "texture": "#0"},
				"east": {"uv": [12, 4, 12.83333, 5], "texture": "#0"},
				"south": {"uv": [12, 5.33333, 12.83333, 6.33333], "texture": "#0"},
				"west": {"uv": [12, 6.66667, 12.83333, 7.66667], "texture": "#0"}
			}
		},
		{
			"from": [7.3, 6.25, 7.3],
			"to": [8.7, 6.75, 8.7],
			"rotation": {"angle": 0, "axis": "x", "origin": [8, 6.5, 8]},
			"faces": {
				"north": {"uv": [13.33333, 8.66667, 14.33333, 9], "rotation": 180, "texture": "#0"},
				"east": {"uv": [13.33333, 8, 14.33333, 8.33333], "rotation": 180, "texture": "#0"},
				"south": {"uv": [13.33333, 7.33333, 14.33333, 7.66667], "rotation": 180, "texture": "#0"},
				"west": {"uv": [13.33333, 9.33333, 14.33333, 9.66667], "rotation": 180, "texture": "#0"},
				"up": {"uv": [12.33333, 0, 11.33333, 1], "texture": "#0"},
				"down": {"uv": [11, 11.66667, 10, 10.66667], "texture": "#0"}
			}
		},
		{
			"from": [7.25, 8.25, 7.25],
			"to": [8.75, 9.25, 8.75],
			"rotation": {"angle": 0, "axis": "y", "origin": [7.25, 8.25, 7.25]},
			"faces": {
				"north": {"uv": [8.66667, 12, 9.66667, 12.66667], "texture": "#0"},
				"east": {"uv": [10, 12, 11, 12.66667], "texture": "#0"},
				"south": {"uv": [11.33333, 12, 12.33333, 12.66667], "texture": "#0"},
				"west": {"uv": [12.66667, 0, 13.66667, 0.66667], "texture": "#0"},
				"down": {"uv": [11, 0, 10, 1], "texture": "#0"}
			}
		},
		{
			"from": [7.5, 7.75, 7],
			"to": [8.5, 10.75, 8],
			"rotation": {"angle": -22.5, "axis": "x", "origin": [7.5, 7.75, 6]},
			"faces": {
				"north": {"uv": [8.66667, 7.33333, 9.33333, 9.33333], "texture": "#0"},
				"east": {"uv": [9.33333, 1.33333, 10, 3.33333], "texture": "#0"},
				"south": {"uv": [9.33333, 3.33333, 10, 5.33333], "texture": "#0"},
				"west": {"uv": [9.33333, 7.33333, 10, 9.33333], "texture": "#0"},
				"down": {"uv": [13.33333, 0.66667, 12.66667, 1.33333], "texture": "#0"}
			}
		},
		{
			"from": [7.495, 10.11143, 6.69004],
			"to": [8.505, 11.61143, 7.69004],
			"rotation": {"angle": 45, "axis": "x", "origin": [7.995, 11.61143, 7.19004]},
			"faces": {
				"north": {"uv": [8, 12.66667, 8.66667, 13.66667], "texture": "#0"},
				"east": {"uv": [12.66667, 8, 13.33333, 9], "texture": "#0"},
				"south": {"uv": [8.66667, 12.66667, 9.33333, 13.66667], "texture": "#0"},
				"west": {"uv": [9.33333, 12.66667, 10, 13.66667], "texture": "#0"},
				"up": {"uv": [1.33333, 14, 0.66667, 13.33333], "texture": "#0"},
				"down": {"uv": [14, 0.66667, 13.33333, 1.33333], "texture": "#0"}
			}
		},
		{
			"from": [7.495, 10.11143, 8.30996],
			"to": [8.505, 11.61143, 9.30996],
			"rotation": {"angle": -45, "axis": "x", "origin": [7.995, 11.61143, 8.80996]},
			"faces": {
				"north": {"uv": [9.33333, 12.66667, 8.66667, 13.66667], "texture": "#0"},
				"east": {"uv": [13.33333, 8, 12.66667, 9], "texture": "#0"},
				"south": {"uv": [8.66667, 12.66667, 8, 13.66667], "texture": "#0"},
				"west": {"uv": [10, 12.66667, 9.33333, 13.66667], "texture": "#0"},
				"up": {"uv": [1.33333, 13.33333, 0.66667, 14], "texture": "#0"},
				"down": {"uv": [14, 1.33333, 13.33333, 0.66667], "texture": "#0"}
			}
		},
		{
			"from": [7.5, 7.75, 8],
			"to": [8.5, 10.75, 9],
			"rotation": {"angle": 22.5, "axis": "x", "origin": [7.5, 7.75, 10]},
			"faces": {
				"north": {"uv": [10, 3.33333, 9.33333, 5.33333], "texture": "#0"},
				"east": {"uv": [10, 1.33333, 9.33333, 3.33333], "texture": "#0"},
				"south": {"uv": [9.33333, 7.33333, 8.66667, 9.33333], "texture": "#0"},
				"west": {"uv": [10, 7.33333, 9.33333, 9.33333], "texture": "#0"},
				"down": {"uv": [13.33333, 1.33333, 12.66667, 0.66667], "texture": "#0"}
			}
		},
		{
			"from": [7, 8.5, 8],
			"to": [9, 10.5, 10],
			"rotation": {"angle": -45, "axis": "x", "origin": [7, 8.5, 8]},
			"faces": {
				"north": {"uv": [7.33333, 6, 8.66667, 7.33333], "texture": "#0"},
				"east": {"uv": [7.33333, 7.33333, 8.66667, 8.66667], "texture": "#0"},
				"south": {"uv": [8, 2, 9.33333, 3.33333], "texture": "#0"},
				"west": {"uv": [8, 3.33333, 9.33333, 4.66667], "texture": "#0"},
				"up": {"uv": [9.33333, 6, 8, 4.66667], "texture": "#0"},
				"down": {"uv": [10, 0, 8.66667, 1.33333], "texture": "#0"}
			}
		},
		{
			"from": [7.6, 9.85, 7],
			"to": [8.4, 12.85, 10],
			"rotation": {"angle": -45, "axis": "x", "origin": [8, 10.85, 8]},
			"faces": {
				"north": {"uv": [11.33333, 1.33333, 11.83333, 3.33333], "texture": "#0"},
				"east": {"uv": [6, 2, 8, 4], "texture": "#0"},
				"south": {"uv": [11.33333, 3.33333, 11.83333, 5.33333], "texture": "#0"},
				"west": {"uv": [6, 4, 8, 6], "texture": "#0"},
				"up": {"uv": [5.16667, 13.33333, 4.66667, 11.33333], "texture": "#0"},
				"down": {"uv": [5.83333, 11.33333, 5.33333, 13.33333], "texture": "#0"}
			}
		},
		{
			"from": [7.61, 15.78211, 6.42157],
			"to": [8.39, 16.78211, 7.42157],
			"rotation": {"angle": -45, "axis": "x", "origin": [7.985, 16.28211, 6.92157]},
			"faces": {
				"north": {"uv": [5.33333, 13.33333, 5.83333, 14], "texture": "#0"},
				"east": {"uv": [1.33333, 13.33333, 2, 14], "texture": "#0"},
				"south": {"uv": [13.33333, 10, 13.83333, 10.66667], "texture": "#0"},
				"west": {"uv": [13.33333, 1.33333, 14, 2], "texture": "#0"},
				"up": {"uv": [13.83333, 11.33333, 13.33333, 10.66667], "texture": "#0"},
				"down": {"uv": [13.83333, 11.33333, 13.33333, 12], "texture": "#0"}
			}
		},
		{
			"from": [7.625, 12.28211, 6.62868],
			"to": [8.375, 16.28211, 7.62868],
			"rotation": {"angle": 0, "axis": "y", "origin": [7.625, 12.28211, 8.62868]},
			"faces": {
				"north": {"uv": [8.66667, 9.33333, 9.16667, 12], "texture": "#0"},
				"east": {"uv": [4.66667, 8.66667, 5.33333, 11.33333], "texture": "#0"},
				"south": {"uv": [9.33333, 9.33333, 9.83333, 12], "texture": "#0"},
				"west": {"uv": [5.33333, 8.66667, 6, 11.33333], "texture": "#0"}
			}
		},
		{
			"from": [7.61, 15.78211, 8.57843],
			"to": [8.39, 16.78211, 9.57843],
			"rotation": {"angle": 45, "axis": "x", "origin": [7.985, 16.28211, 9.07843]},
			"faces": {
				"north": {"uv": [13.83333, 10, 13.33333, 10.66667], "texture": "#0"},
				"east": {"uv": [2, 13.33333, 1.33333, 14], "texture": "#0"},
				"south": {"uv": [5.83333, 13.33333, 5.33333, 14], "texture": "#0"},
				"west": {"uv": [14, 1.33333, 13.33333, 2], "texture": "#0"},
				"up": {"uv": [13.83333, 10.66667, 13.33333, 11.33333], "texture": "#0"},
				"down": {"uv": [13.83333, 12, 13.33333, 11.33333], "texture": "#0"}
			}
		},
		{
			"from": [7.625, 12.28211, 8.37132],
			"to": [8.375, 16.28211, 9.37132],
			"rotation": {"angle": 0, "axis": "y", "origin": [7.625, 12.28211, 7.37132]},
			"faces": {
				"north": {"uv": [9.83333, 9.33333, 9.33333, 12], "texture": "#0"},
				"east": {"uv": [5.33333, 8.66667, 4.66667, 11.33333], "texture": "#0"},
				"south": {"uv": [9.16667, 9.33333, 8.66667, 12], "texture": "#0"},
				"west": {"uv": [6, 8.66667, 5.33333, 11.33333], "texture": "#0"}
			}
		},
		{
			"from": [7.75, 18.05711, 6.37132],
			"to": [8.25, 28.05711, 7.37132],
			"rotation": {"angle": 0, "axis": "y", "origin": [7.5, 18.05711, 5.37132]},
			"faces": {
				"north": {"uv": [6, 6, 6.33333, 12.66667], "texture": "#0"},
				"east": {"uv": [4.66667, 2, 5.33333, 8.66667], "texture": "#0"},
				"south": {"uv": [6.66667, 6, 7, 12.66667], "texture": "#0"},
				"west": {"uv": [5.33333, 2, 6, 8.66667], "texture": "#0"}
			}
		},
		{
			"from": [7.735, 27.55711, 6.57843],
			"to": [8.265, 28.55711, 7.57843],
			"rotation": {"angle": 45, "axis": "x", "origin": [7.86, 28.05711, 7.07843]},
			"faces": {
				"north": {"uv": [4, 14, 4.33333, 14.66667], "texture": "#0"},
				"east": {"uv": [13.33333, 4, 14, 4.66667], "texture": "#0"},
				"south": {"uv": [14, 4, 14.33333, 4.66667], "texture": "#0"},
				"west": {"uv": [4.66667, 13.33333, 5.33333, 14], "texture": "#0"},
				"up": {"uv": [5, 14.66667, 4.66667, 14], "texture": "#0"},
				"down": {"uv": [5.66667, 14, 5.33333, 14.66667], "texture": "#0"}
			}
		},
		{
			"from": [7.735, 17.55711, 6.57843],
			"to": [8.265, 18.55711, 7.57843],
			"rotation": {"angle": 45, "axis": "x", "origin": [7.86, 18.05711, 7.07843]},
			"faces": {
				"north": {"uv": [14, 1.33333, 14.33333, 2], "texture": "#0"},
				"east": {"uv": [13.33333, 3.33333, 14, 4], "texture": "#0"},
				"south": {"uv": [14, 2, 14.33333, 2.66667], "texture": "#0"},
				"west": {"uv": [4, 13.33333, 4.66667, 14], "texture": "#0"},
				"up": {"uv": [14.33333, 3.33333, 14, 2.66667], "texture": "#0"},
				"down": {"uv": [14.33333, 3.33333, 14, 4], "texture": "#0"}
			}
		},
		{
			"from": [7.735, 27.55711, 8.42157],
			"to": [8.265, 28.55711, 9.42157],
			"rotation": {"angle": -45, "axis": "x", "origin": [7.86, 28.05711, 8.92157]},
			"faces": {
				"north": {"uv": [14.33333, 4, 14, 4.66667], "texture": "#0"},
				"east": {"uv": [14, 4, 13.33333, 4.66667], "texture": "#0"},
				"south": {"uv": [4.33333, 14, 4, 14.66667], "texture": "#0"},
				"west": {"uv": [5.33333, 13.33333, 4.66667, 14], "texture": "#0"},
				"up": {"uv": [5, 14, 4.66667, 14.66667], "texture": "#0"},
				"down": {"uv": [5.66667, 14.66667, 5.33333, 14], "texture": "#0"}
			}
		},
		{
			"from": [7.75, 18.05711, 8.62868],
			"to": [8.25, 28.05711, 9.62868],
			"rotation": {"angle": 0, "axis": "y", "origin": [7.5, 18.05711, 10.62868]},
			"faces": {
				"north": {"uv": [7, 6, 6.66667, 12.66667], "texture": "#0"},
				"east": {"uv": [5.33333, 2, 4.66667, 8.66667], "texture": "#0"},
				"south": {"uv": [6.33333, 6, 6, 12.66667], "texture": "#0"},
				"west": {"uv": [6, 2, 5.33333, 8.66667], "texture": "#0"}
			}
		},
		{
			"from": [7.735, 17.55711, 8.42157],
			"to": [8.265, 18.55711, 9.42157],
			"rotation": {"angle": -45, "axis": "x", "origin": [7.86, 18.05711, 8.92157]},
			"faces": {
				"north": {"uv": [14.33333, 2, 14, 2.66667], "texture": "#0"},
				"east": {"uv": [14, 3.33333, 13.33333, 4], "texture": "#0"},
				"south": {"uv": [14.33333, 1.33333, 14, 2], "texture": "#0"},
				"west": {"uv": [4.66667, 13.33333, 4, 14], "texture": "#0"},
				"up": {"uv": [14.33333, 2.66667, 14, 3.33333], "texture": "#0"},
				"down": {"uv": [14.33333, 4, 14, 3.33333], "texture": "#0"}
			}
		},
		{
			"from": [7.7, 8.78934, 4.52513],
			"to": [8.3, 10.78934, 6.52513],
			"rotation": {"angle": -45, "axis": "x", "origin": [8, 9.78934, 5.52513]},
			"faces": {
				"north": {"uv": [2, 13.33333, 2.33333, 14.66667], "texture": "#0"},
				"east": {"uv": [8.66667, 6, 10, 7.33333], "texture": "#0"},
				"south": {"uv": [13.33333, 2, 13.66667, 3.33333], "texture": "#0"},
				"west": {"uv": [7.33333, 8.66667, 8.66667, 10], "texture": "#0"},
				"up": {"uv": [3, 14.66667, 2.66667, 13.33333], "texture": "#0"},
				"down": {"uv": [3.66667, 13.33333, 3.33333, 14.66667], "texture": "#0"}
			}
		},
		{
			"from": [7.975, 11.55, 4.75],
			"to": [8.025, 31.55, 11.25],
			"rotation": {"angle": 0, "axis": "y", "origin": [7.975, 11.5, 7]},
			"faces": {
				"east": {"uv": [0, 0, 4.33333, 13.33333], "texture": "#0"},
				"west": {"uv": [0, 0, 4.33333, 13.33333], "texture": "#0"}
			}
		},
		{
			"from": [7.975, 7.75, 1.25],
			"to": [8.025, 10.75, 6.75],
			"rotation": {"angle": 0, "axis": "y", "origin": [7.975, 7.75, 2.5]},
			"faces": {
				"east": {"uv": [8.33333, 0, 4.66667, 2], "texture": "#0"},
				"west": {"uv": [4.66667, 0, 8.33333, 2], "texture": "#0"}
			}
		},
		{
			"from": [7.975, 7.75, 9.25],
			"to": [8.025, 10.75, 14.75],
			"rotation": {"angle": 0, "axis": "y", "origin": [7.975, 7.75, 13.5]},
			"faces": {
				"east": {"uv": [4.66667, 0, 8.33333, 2], "texture": "#0"},
				"west": {"uv": [8.33333, 0, 4.66667, 2], "texture": "#0"}
			}
		},
		{
			"from": [7.7, 8.78934, 9.47487],
			"to": [8.3, 10.78934, 11.47487],
			"rotation": {"angle": 45, "axis": "x", "origin": [8, 9.78934, 10.47487]},
			"faces": {
				"north": {"uv": [13.66667, 2, 13.33333, 3.33333], "texture": "#0"},
				"east": {"uv": [10, 6, 8.66667, 7.33333], "texture": "#0"},
				"south": {"uv": [2.33333, 13.33333, 2, 14.66667], "texture": "#0"},
				"west": {"uv": [8.66667, 8.66667, 7.33333, 10], "texture": "#0"},
				"up": {"uv": [3, 13.33333, 2.66667, 14.66667], "texture": "#0"},
				"down": {"uv": [3.66667, 14.66667, 3.33333, 13.33333], "texture": "#0"}
			}
		},
		{
			"from": [7.85, 17.75, 7],
			"to": [7.85, 27.75, 9],
			"faces": {
				"west": {"uv": [0, 0, 2.66667, 13.33333], "texture": "#1"}
			}
		},
		{
			"from": [8.15, 17.75, 7],
			"to": [8.15, 27.75, 9],
			"rotation": {"angle": 0, "axis": "y", "origin": [16, 0, 0]},
			"faces": {
				"east": {"uv": [2.66667, 0, 0, 13.33333], "texture": "#1"}
			}
		}
	],
	"gui_light": "front",
	"display": {
		"thirdperson_righthand": {
			"translation": [0, 0.25, 1]
		},
		"thirdperson_lefthand": {
			"translation": [0, 0.25, 1]
		},
		"firstperson_righthand": {
			"rotation": [-10, 0, 0],
			"translation": [0, -0.25, 0]
		},
		"firstperson_lefthand": {
			"rotation": [-10, 0, 0],
			"translation": [0, -0.25, 0]
		},
		"ground": {
			"rotation": [45, 0, 0],
			"translation": [0, 7, 0]
		},
		"gui": {
			"rotation": [90, -45, 90],
			"translation": [3.75, -3.75, 0],
			"scale": [0.71875, 0.71875, 0.71875]
		},
		"head": {
			"rotation": [0, 90, 0],
			"scale": [1.5, 1.5, 1.5]
		},
		"fixed": {
			"rotation": [0, 90, 0],
			"translation": [0, -13, -1.25],
			"scale": [1.7, 1.7, 1.7]
		}
	}
}