{"credit":"MadewithBlockbench","texture_size":[32,32],"textures":{"2":"lunar_studios:enderkariz/angel_set/angel_set_dagger"},"elements":[{"from":[8,1,7],"to":[9,6,8],"faces":{"north":{"uv":[8,4,8.5,6.5],"texture":"#2"},"east":{"uv":[8,6.5,8.5,9],"texture":"#2"},"south":{"uv":[8.5,4,9,6.5],"texture":"#2"},"west":{"uv":[8.5,6.5,9,9],"texture":"#2"},"up":{"uv":[8.5,10.5,8,10],"texture":"#2"},"down":{"uv":[10.5,8,10,8.5],"texture":"#2"}}},{"from":[8,0.14645,5.16217],"to":[9,1.64645,6.66217],"rotation":{"angle":-45,"axis":"x","origin":[0.05,6.14645,-1.33783]},"faces":{"north":{"uv":[10,3,10.5,3.75],"texture":"#2"},"east":{"uv":[9,7,9.75,7.75],"texture":"#2"},"south":{"uv":[10,4,10.5,4.75],"texture":"#2"},"west":{"uv":[9,7.75,9.75,7],"rotation":180,"texture":"#2"},"up":{"uv":[10.5,5.75,10,5],"texture":"#2"},"down":{"uv":[10.5,6,10,6.75],"texture":"#2"}}},{"from":[7.75,6,6.75],"to":[9.25,7,8.25],"faces":{"north":{"uv":[10,0,10.75,0.5],"texture":"#2"},"east":{"uv":[10,0.5,10.75,1],"texture":"#2"},"south":{"uv":[10,1,10.75,1.5],"texture":"#2"},"west":{"uv":[10,1.5,10.75,2],"texture":"#2"},"up":{"uv":[9.75,5.75,9,5],"texture":"#2"},"down":{"uv":[9.75,6,9,6.75],"texture":"#2"}}},{"from":[7.75,8.1,5.75],"to":[9.25,9.1,9.25],"rotation":{"angle":0,"axis":"y","origin":[0,16,0]},"faces":{"north":{"uv":[10,7,10.75,7.5],"texture":"#2"},"east":{"uv":[9,2,10.75,2.5],"texture":"#2"},"south":{"uv":[10,7.5,10.75,8],"texture":"#2"},"west":{"uv":[9,2.5,10.75,3],"texture":"#2"},"up":{"uv":[8.75,1.75,8,0],"texture":"#2"},"down":{"uv":[8.75,2,8,3.75],"texture":"#2"}}},{"from":[8.5,9.1,3.75],"to":[8.5,11.1,5.75],"rotation":{"angle":0,"axis":"y","origin":[0,16,0]},"faces":{"north":{"uv":[0,0,0,1],"texture":"#2"},"east":{"uv":[9,0,10,1],"texture":"#2"},"south":{"uv":[0,0,0,1],"texture":"#2"},"west":{"uv":[9,1,10,2],"texture":"#2"},"up":{"uv":[0,1,0,0],"texture":"#2"},"down":{"uv":[0,0,0,1],"texture":"#2"}}},{"from":[8.5,11.1,-1.05],"to":[8.5,27.1,14.95],"rotation":{"angle":45,"axis":"x","origin":[0,18,6.2]},"faces":{"north":{"uv":[0,0,0,8],"texture":"#2"},"east":{"uv":[0,0,8,8],"texture":"#2"},"south":{"uv":[0,0,0,8],"texture":"#2"},"west":{"uv":[0,8,8,16],"texture":"#2"},"up":{"uv":[0,8,0,0],"texture":"#2"},"down":{"uv":[0,0,0,8],"texture":"#2"}}},{"from":[7.75,0,6],"to":[9.25,1,8],"rotation":{"angle":22.5,"axis":"x","origin":[8.5,1,8]},"faces":{"north":{"uv":[9,9,9.75,9.5],"texture":"#2"},"east":{"uv":[9,8,10,8.5],"texture":"#2"},"south":{"uv":[9,9.5,9.75,10],"texture":"#2"},"west":{"uv":[9,8.5,10,9],"texture":"#2"},"up":{"uv":[9.75,4,9,3],"texture":"#2"},"down":{"uv":[9.75,4,9,5],"texture":"#2"}}}],"display":{"thirdperson_righthand":{"translation":[-1.25,3.5,2],"scale":[1.3,1.3,1.3]},"thirdperson_lefthand":{"translation":[0.5,3.5,2],"scale":[1.3,1.3,1.3]},"firstperson_righthand":{"translation":[1.5,2,0.75]},"firstperson_lefthand":{"translation":[1.5,2,0.75]},"ground":{"translation":[0,5,0]},"gui":{"rotation":[-132.31,-37.56,-119.31],"translation":[-2.75,-1.75,0]},"fixed":{"rotation":[0,-90,0],"translation":[-0.75,-3.75,-2.75],"scale":[2,2,2]}}}