{"credit":"MadewithBlockbench","textures":{"0":"lunar_studios:enderkariz/angel_set/angel_set_shield","particle":"lunar_studios:enderkariz/angel_set/angel_set_shield"},"elements":[{"from":[7.45927,15.04373,8.3],"to":[14.45927,22.04373,10.3],"rotation":{"angle":45,"axis":"z","origin":[8.45927,15.34373,-0.1]},"faces":{"north":{"uv":[0,2,1.75,3.75],"rotation":270,"texture":"#0"},"east":{"uv":[2,0.75,2.5,2.5],"texture":"#0"},"south":{"uv":[0,0,1.75,1.75],"texture":"#0"},"west":{"uv":[3.25,0.75,2.75,2.5],"texture":"#0"},"up":{"uv":[2,0.5,3.75,0],"texture":"#0"},"down":{"uv":[3.5,0.75,5.25,1.25],"texture":"#0"}}},{"from":[7.45927,21.04373,7.4],"to":[15.45927,23.04373,8.4],"rotation":{"angle":45,"axis":"z","origin":[8.45927,15.34373,-0.1]},"faces":{"north":{"uv":[9.25,2,11.25,1.5],"texture":"#0"},"east":{"uv":[9.25,2,9.5,1.5],"texture":"#0"},"south":{"uv":[11.25,2,9.25,1.5],"texture":"#0"},"west":{"uv":[11,2,11.25,1.5],"texture":"#0"},"up":{"uv":[11.25,2,9.25,1.75],"texture":"#0"},"down":{"uv":[11.25,1.75,9.25,1.5],"texture":"#0"}}},{"from":[13.45927,15.04373,7.4],"to":[15.45927,21.04373,8.4],"rotation":{"angle":45,"axis":"z","origin":[8.45927,15.34373,-0.1]},"faces":{"north":{"uv":[9.25,1.5,9.75,0],"texture":"#0"},"east":{"uv":[9.25,1.5,9.5,0],"texture":"#0"},"south":{"uv":[9.75,1.5,9.25,0],"texture":"#0"},"west":{"uv":[9.5,1.5,9.75,0],"texture":"#0"},"up":{"uv":[9.75,0,9.25,0.25],"texture":"#0"},"down":{"uv":[9.75,1.5,9.25,1.25],"texture":"#0"}}},{"from":[7,2,8.3],"to":[12,7,10.3],"rotation":{"angle":45,"axis":"z","origin":[8,3,0]},"faces":{"north":{"uv":[0.25,2.25,1.5,3.5],"rotation":270,"texture":"#0"},"east":{"uv":[3,5.75,3.5,7],"texture":"#0"},"south":{"uv":[2.25,4.25,3.5,5.5],"texture":"#0"},"west":{"uv":[2.25,5.75,2.75,7],"texture":"#0"},"up":{"uv":[3.75,4.75,5,4.25],"texture":"#0"},"down":{"uv":[3.75,5.5,5,5],"texture":"#0"}}},{"from":[5,0,9.3],"to":[11,6,9.3],"rotation":{"angle":45,"axis":"z","origin":[8,3,0]},"faces":{"north":{"uv":[4.25,1.5,5.75,3],"rotation":270,"texture":"#0"},"east":{"uv":[0,0,0,6],"texture":"#missing"},"south":{"uv":[4.25,1.5,5.75,3],"texture":"#0"},"west":{"uv":[0,0,0,6],"texture":"#missing"},"up":{"uv":[0,0,6,0],"texture":"#missing"},"down":{"uv":[0,0,6,0],"texture":"#missing"}}},{"from":[12.5,16,8.9],"to":[14.5,18,9.9],"rotation":{"angle":45,"axis":"z","origin":[8,3,0]},"faces":{"north":{"uv":[3.5,1.5,4,2],"rotation":270,"texture":"#0"},"east":{"uv":[3.75,1.5,4,2],"texture":"#0"},"south":{"uv":[3.5,1.5,4,2],"texture":"#0"},"west":{"uv":[3.5,1.5,3.75,2],"texture":"#0"},"up":{"uv":[3.5,1.5,4,1.75],"texture":"#0"},"down":{"uv":[3.5,1.75,4,2],"texture":"#0"}}},{"from":[-6.78742,12.22269,9.5],"to":[-0.78742,14.22269,9.5],"rotation":{"angle":-22.5,"axis":"z","origin":[11.51258,7.22269,0]},"faces":{"north":{"uv":[5.5,0,4,0.5],"texture":"#0"},"east":{"uv":[0,0,2,0],"rotation":270,"texture":"#missing"},"south":{"uv":[4,0,5.5,0.5],"texture":"#0"},"west":{"uv":[0,0,2,0],"rotation":270,"texture":"#missing"},"up":{"uv":[0,0,0,6],"rotation":270,"texture":"#missing"},"down":{"uv":[0,0,0,6],"rotation":270,"texture":"#missing"}}},{"from":[1.5,16,8.9],"to":[3.5,18,9.9],"rotation":{"angle":-45,"axis":"z","origin":[8,3,0]},"faces":{"north":{"uv":[3.5,2,4,1.5],"rotation":270,"texture":"#0"},"east":{"uv":[3.75,1.5,3.5,2],"texture":"#0"},"south":{"uv":[4,1.5,3.5,2],"texture":"#0"},"west":{"uv":[4,1.5,3.75,2],"texture":"#0"},"up":{"uv":[4,1.5,3.5,1.75],"texture":"#0"},"down":{"uv":[4,1.75,3.5,2],"texture":"#0"}}},{"from":[16.78742,12.22269,9.5],"to":[22.78742,14.22269,9.5],"rotation":{"angle":22.5,"axis":"z","origin":[4.48742,7.22269,0]},"faces":{"north":{"uv":[4,0,5.5,0.5],"texture":"#0"},"east":{"uv":[0,0,2,0],"rotation":270,"texture":"#missing"},"south":{"uv":[5.5,0,4,0.5],"texture":"#0"},"west":{"uv":[0,0,2,0],"rotation":270,"texture":"#missing"},"up":{"uv":[0,6,0,0],"rotation":270,"texture":"#missing"},"down":{"uv":[0,6,0,0],"rotation":270,"texture":"#missing"}}},{"from":[6,1,7.3],"to":[12,3,8.3],"rotation":{"angle":45,"axis":"z","origin":[8,3,0]},"faces":{"north":{"uv":[8,1.5,7.5,0],"rotation":90,"texture":"#0"},"east":{"uv":[8,0.25,7.5,0],"rotation":90,"texture":"#0"},"south":{"uv":[8,0,7.5,1.5],"rotation":90,"texture":"#0"},"west":{"uv":[8,1.5,7.5,1.25],"rotation":90,"texture":"#0"},"up":{"uv":[8,0,7.75,1.5],"rotation":90,"texture":"#0"},"down":{"uv":[7.75,1.5,7.5,0],"rotation":90,"texture":"#0"}}},{"from":[6,3,7.3],"to":[8,7,8.3],"rotation":{"angle":45,"axis":"z","origin":[8,3,0]},"faces":{"north":{"uv":[9,1.5,8,1],"rotation":90,"texture":"#0"},"east":{"uv":[9,1.25,8,1],"rotation":90,"texture":"#0"},"south":{"uv":[9,1,8,1.5],"rotation":90,"texture":"#0"},"west":{"uv":[9,1.5,8,1.25],"rotation":90,"texture":"#0"},"up":{"uv":[9,1,8.75,1.5],"rotation":90,"texture":"#0"},"down":{"uv":[8.25,1,8,1.5],"rotation":90,"texture":"#0"}}},{"from":[6.68777,18.88669,7],"to":[10.68777,20.88669,8],"rotation":{"angle":-22.5,"axis":"z","origin":[9.68777,5.88669,-0.2]},"faces":{"north":{"uv":[7.5,1.75,8.5,2.25],"texture":"#0"},"east":{"uv":[7.5,1.75,7.75,2.25],"texture":"#0"},"south":{"uv":[8.5,1.75,7.5,2.25],"texture":"#0"},"west":{"uv":[8.25,1.75,8.5,2.25],"texture":"#0"},"up":{"uv":[8.5,1.75,7.5,2],"texture":"#0"},"down":{"uv":[8.5,2,7.5,2.25],"texture":"#0"}}},{"from":[5.31223,18.88669,7],"to":[9.31223,20.88669,8],"rotation":{"angle":22.5,"axis":"z","origin":[6.31223,5.88669,-0.2]},"faces":{"north":{"uv":[8.5,1.75,7.5,2.25],"texture":"#0"},"east":{"uv":[8.5,1.75,8.25,2.25],"texture":"#0"},"south":{"uv":[7.5,1.75,8.5,2.25],"texture":"#0"},"west":{"uv":[7.75,1.75,7.5,2.25],"texture":"#0"},"up":{"uv":[7.5,1.75,8.5,2],"texture":"#0"},"down":{"uv":[7.5,2,8.5,2.25],"texture":"#0"}}},{"from":[6.61165,5.504,7.9],"to":[11.61165,19.504,8.9],"rotation":{"angle":-22.5,"axis":"z","origin":[10.61165,5.504,-0.1]},"faces":{"north":{"uv":[6.5,3.25,5.25,6.75],"texture":"#0"},"east":{"uv":[6.25,3.25,6.5,6.75],"texture":"#0"},"south":{"uv":[5.25,3.25,6.5,6.75],"texture":"#0"},"west":{"uv":[5.25,3.25,5.5,6.75],"texture":"#0"},"up":{"uv":[5.25,3.25,6.5,3.5],"texture":"#0"},"down":{"uv":[5.25,6.5,6.5,6.75],"texture":"#0"}}},{"from":[4.38835,5.504,7.9],"to":[9.38835,19.504,8.9],"rotation":{"angle":22.5,"axis":"z","origin":[5.38835,5.504,-0.1]},"faces":{"north":{"uv":[5.25,3.25,6.5,6.75],"texture":"#0"},"east":{"uv":[5.5,3.25,5.25,6.75],"texture":"#0"},"south":{"uv":[6.5,3.25,5.25,6.75],"texture":"#0"},"west":{"uv":[6.5,3.25,6.25,6.75],"texture":"#0"},"up":{"uv":[6.5,3.25,5.25,3.5],"texture":"#0"},"down":{"uv":[6.5,6.5,5.25,6.75],"texture":"#0"}}},{"from":[2.38835,5.504,8.5],"to":[4.38835,19.504,8.5],"rotation":{"angle":22.5,"axis":"z","origin":[5.38835,5.504,-0.1]},"faces":{"north":{"uv":[6.5,0,6,3],"texture":"#0"},"east":{"uv":[0,2,14,2],"rotation":270,"texture":"#missing"},"south":{"uv":[6,0,6.5,3],"texture":"#0"},"west":{"uv":[0,2,14,2],"rotation":270,"texture":"#missing"},"up":{"uv":[0,11,0,9],"rotation":270,"texture":"#missing"},"down":{"uv":[0,11,0,9],"rotation":270,"texture":"#missing"}}},{"from":[11.61165,5.504,8.5],"to":[13.61165,19.504,8.5],"rotation":{"angle":-22.5,"axis":"z","origin":[10.61165,5.504,-0.1]},"faces":{"north":{"uv":[6,0,6.5,3],"texture":"#0"},"east":{"uv":[0,2,14,2],"rotation":270,"texture":"#missing"},"south":{"uv":[6.5,0,6,3],"texture":"#0"},"west":{"uv":[0,2,14,2],"rotation":270,"texture":"#missing"},"up":{"uv":[0,9,0,11],"rotation":270,"texture":"#missing"},"down":{"uv":[0,9,0,11],"rotation":270,"texture":"#missing"}}},{"from":[10.61165,5.504,6.9],"to":[12.61165,20.504,7.9],"rotation":{"angle":-22.5,"axis":"z","origin":[10.61165,5.504,-0.1]},"faces":{"north":{"uv":[6.75,0,7.25,3.75],"texture":"#0"},"east":{"uv":[7,0,6.75,3.75],"texture":"#0"},"south":{"uv":[7.25,0,6.75,3.75],"texture":"#0"},"west":{"uv":[7.25,0,7,3.75],"texture":"#0"},"up":{"uv":[7.25,0,6.75,0.25],"texture":"#0"},"down":{"uv":[7.25,3.5,6.75,3.75],"texture":"#0"}}},{"from":[3.38835,5.504,6.9],"to":[5.38835,20.504,7.9],"rotation":{"angle":22.5,"axis":"z","origin":[5.38835,5.504,-0.1]},"faces":{"north":{"uv":[7.25,0,6.75,3.75],"texture":"#0"},"east":{"uv":[7,0,7.25,3.75],"texture":"#0"},"south":{"uv":[6.75,0,7.25,3.75],"texture":"#0"},"west":{"uv":[6.75,0,7,3.75],"texture":"#0"},"up":{"uv":[6.75,0,7.25,0.25],"texture":"#0"},"down":{"uv":[6.75,3.5,7.25,3.75],"texture":"#0"}}},{"from":[4,5.504,7.7],"to":[12,19.504,9.7],"rotation":{"angle":0,"axis":"y","origin":[9,5.504,-0.1]},"faces":{"north":{"uv":[6.75,4,8.75,7.5],"texture":"#0"},"east":{"uv":[6.75,4,7,7.5],"texture":"#0"},"south":{"uv":[0,4,2,7.5],"texture":"#0"},"west":{"uv":[8.5,4,8.75,7.5],"texture":"#0"},"up":{"uv":[6.75,4,8.75,4.25],"texture":"#0"},"down":{"uv":[6.75,7.25,8.75,7.5],"texture":"#0"}}},{"from":[11,10.504,1.7],"to":[12,15.504,7.7],"rotation":{"angle":0,"axis":"y","origin":[9,5.504,-0.1]},"faces":{"north":{"uv":[1.25,7.75,1.5,9],"texture":"#0"},"east":{"uv":[0,7.75,1.5,9],"texture":"#0"},"south":{"uv":[0,7.75,0.25,9],"texture":"#0"},"west":{"uv":[0,7.75,1.5,9],"texture":"#0"},"up":{"uv":[1.5,7.75,0,8],"rotation":90,"texture":"#0"},"down":{"uv":[0,7.75,1.5,8],"rotation":90,"texture":"#0"}}},{"from":[4,10.504,1.7],"to":[5,15.504,7.7],"rotation":{"angle":0,"axis":"y","origin":[9,5.504,-0.1]},"faces":{"north":{"uv":[1.25,7.75,1.5,9],"texture":"#0"},"east":{"uv":[0,7.75,1.5,9],"texture":"#0"},"south":{"uv":[0,7.75,0.25,9],"texture":"#0"},"west":{"uv":[0,7.75,1.5,9],"texture":"#0"},"up":{"uv":[1.5,7.75,0,8],"rotation":90,"texture":"#0"},"down":{"uv":[0,7.75,1.5,8],"rotation":90,"texture":"#0"}}},{"from":[4,22.504,9.7],"to":[12,27.504,9.7],"rotation":{"angle":0,"axis":"y","origin":[9,5.504,-0.1]},"faces":{"north":{"uv":[2,2.75,4,4],"texture":"#0"},"east":{"uv":[0,2,8,2],"rotation":270,"texture":"#missing"},"south":{"uv":[2,2.75,4,4],"texture":"#0"},"west":{"uv":[0,2,8,2],"rotation":270,"texture":"#missing"},"up":{"uv":[0,8,0,16],"rotation":270,"texture":"#missing"},"down":{"uv":[0,8,0,16],"rotation":270,"texture":"#missing"}}}],"display":{"thirdperson_righthand":{"rotation":[0,90,0],"translation":[3.75,-7,5]},"thirdperson_lefthand":{"rotation":[0,90,0],"translation":[3.75,-7,5]},"firstperson_righthand":{"rotation":[0,-180,0],"translation":[2,-3.25,0],"scale":[0.7,0.7,0.7]},"firstperson_lefthand":{"rotation":[0,-180,0],"translation":[2,-3.25,0],"scale":[0.7,0.7,0.7]},"ground":{"translation":[0,7.75,0]},"gui":{"rotation":[10.75,22.25,0],"translation":[0,-2.5,0],"scale":[0.5,0.5,0.5]},"fixed":{"rotation":[0,-180,0],"translation":[0,-6.75,-2],"scale":[2,2,2]}}}