{
	"credit": "Made with Blockbench",
	"textures": {
		"0": "lunar_studios:enderkariz/angel_set/angel_armor_chestplate",
		"particle": "lunar_studios:enderkariz/angel_set/angel_armor_chestplate"
	},
	"elements": [
		{
			"name": "angel_armor_chestplate_0",
			"from": [1, 8.75, 2.75],
			"to": [6, 14.75, 3.75],
			"rotation": {"angle": 0, "axis": "x", "origin": [8, 6.5, 3.25]},
			"faces": {
				"north": {"uv": [1, 7, 6, 1], "rotation": 180, "texture": "#0"},
				"east": {"uv": [5, 1, 6, 7], "texture": "#0"},
				"south": {"uv": [1, 1, 6, 7], "texture": "#0"},
				"west": {"uv": [1, 1, 2, 7], "texture": "#0"},
				"up": {"uv": [6, 1, 1, 2], "rotation": 180, "texture": "#0"},
				"down": {"uv": [1, 6, 6, 7], "texture": "#0"}
			}
		},
		{
			"name": "angel_armor_chestplate_1",
			"from": [10, 8.75, 2.75],
			"to": [15, 14.75, 3.75],
			"rotation": {"angle": 0, "axis": "x", "origin": [8, 6.5, 3.25]},
			"faces": {
				"north": {"uv": [10, 7, 15, 1], "rotation": 180, "texture": "#0"},
				"east": {"uv": [14, 1, 15, 7], "texture": "#0"},
				"south": {"uv": [10, 1, 15, 7], "texture": "#0"},
				"west": {"uv": [10, 1, 11, 7], "texture": "#0"},
				"up": {"uv": [15, 1, 10, 2], "rotation": 180, "texture": "#0"},
				"down": {"uv": [10, 6, 15, 7], "texture": "#0"}
			}
		},
		{
			"name": "angel_armor_chestplate_2",
			"from": [0, 8.75, 2.75],
			"to": [1, 12.75, 3.75],
			"rotation": {"angle": 0, "axis": "x", "origin": [8, 6.5, 3.25]},
			"faces": {
				"north": {"uv": [0, 7, 1, 3], "rotation": 180, "texture": "#0"},
				"east": {"uv": [0, 3, 1, 7], "texture": "#0"},
				"south": {"uv": [0, 3, 1, 7], "texture": "#0"},
				"west": {"uv": [0, 3, 1, 7], "texture": "#0"},
				"up": {"uv": [1, 3, 0, 4], "rotation": 180, "texture": "#0"},
				"down": {"uv": [0, 6, 1, 7], "texture": "#0"}
			}
		},
		{
			"name": "angel_armor_chestplate_3",
			"from": [6, 0.75, 2.75],
			"to": [7, 12.75, 3.75],
			"rotation": {"angle": 0, "axis": "x", "origin": [8, 6.5, 3.25]},
			"faces": {
				"north": {"uv": [6, 15, 7, 3], "rotation": 180, "texture": "#0"},
				"east": {"uv": [6, 3, 7, 15], "texture": "#0"},
				"south": {"uv": [6, 3, 7, 15], "texture": "#0"},
				"west": {"uv": [6, 3, 7, 15], "texture": "#0"},
				"up": {"uv": [7, 3, 6, 4], "rotation": 180, "texture": "#0"},
				"down": {"uv": [6, 14, 7, 15], "texture": "#0"}
			}
		},
		{
			"name": "angel_armor_chestplate_4",
			"from": [9, 0.75, 2.75],
			"to": [10, 12.75, 3.75],
			"rotation": {"angle": 0, "axis": "x", "origin": [8, 6.5, 3.25]},
			"faces": {
				"north": {"uv": [9, 15, 10, 3], "rotation": 180, "texture": "#0"},
				"east": {"uv": [9, 3, 10, 15], "texture": "#0"},
				"south": {"uv": [9, 3, 10, 15], "texture": "#0"},
				"west": {"uv": [9, 3, 10, 15], "texture": "#0"},
				"up": {"uv": [10, 3, 9, 4], "rotation": 180, "texture": "#0"},
				"down": {"uv": [9, 14, 10, 15], "texture": "#0"}
			}
		},
		{
			"name": "angel_armor_chestplate_5",
			"from": [15, 8.75, 2.75],
			"to": [16, 12.75, 3.75],
			"rotation": {"angle": 0, "axis": "x", "origin": [8, 6.5, 3.25]},
			"faces": {
				"north": {"uv": [15, 7, 16, 3], "rotation": 180, "texture": "#0"},
				"east": {"uv": [15, 3, 16, 7], "texture": "#0"},
				"south": {"uv": [15, 3, 16, 7], "texture": "#0"},
				"west": {"uv": [15, 3, 16, 7], "texture": "#0"},
				"up": {"uv": [16, 3, 15, 4], "rotation": 180, "texture": "#0"},
				"down": {"uv": [15, 6, 16, 7], "texture": "#0"}
			}
		},
		{
			"name": "angel_armor_chestplate_6",
			"from": [7, 0.75, 2.75],
			"to": [9, 11.75, 3.75],
			"rotation": {"angle": 0, "axis": "x", "origin": [8, 6.5, 3.25]},
			"faces": {
				"north": {"uv": [7, 15, 9, 4], "rotation": 180, "texture": "#0"},
				"east": {"uv": [8, 4, 9, 15], "texture": "#0"},
				"south": {"uv": [7, 4, 9, 15], "texture": "#0"},
				"west": {"uv": [7, 4, 8, 15], "texture": "#0"},
				"up": {"uv": [9, 4, 7, 5], "rotation": 180, "texture": "#0"},
				"down": {"uv": [7, 14, 9, 15], "texture": "#0"}
			}
		},
		{
			"name": "angel_armor_chestplate_7",
			"from": [2, 6.75, 2.75],
			"to": [6, 8.75, 3.75],
			"rotation": {"angle": 0, "axis": "x", "origin": [8, 6.5, 3.25]},
			"faces": {
				"north": {"uv": [2, 9, 6, 7], "rotation": 180, "texture": "#0"},
				"east": {"uv": [5, 7, 6, 9], "texture": "#0"},
				"south": {"uv": [2, 7, 6, 9], "texture": "#0"},
				"west": {"uv": [2, 7, 3, 9], "texture": "#0"},
				"up": {"uv": [6, 7, 2, 8], "rotation": 180, "texture": "#0"},
				"down": {"uv": [2, 8, 6, 9], "texture": "#0"}
			}
		},
		{
			"name": "angel_armor_chestplate_8",
			"from": [10, 1.75, 2.75],
			"to": [13, 8.75, 3.75],
			"rotation": {"angle": 0, "axis": "x", "origin": [8, 6.5, 3.25]},
			"faces": {
				"north": {"uv": [10, 14, 13, 7], "rotation": 180, "texture": "#0"},
				"east": {"uv": [12, 7, 13, 14], "texture": "#0"},
				"south": {"uv": [10, 7, 13, 14], "texture": "#0"},
				"west": {"uv": [10, 7, 11, 14], "texture": "#0"},
				"up": {"uv": [13, 7, 10, 8], "rotation": 180, "texture": "#0"},
				"down": {"uv": [10, 13, 13, 14], "texture": "#0"}
			}
		},
		{
			"name": "angel_armor_chestplate_9",
			"from": [13, 6.75, 2.75],
			"to": [14, 8.75, 3.75],
			"rotation": {"angle": 0, "axis": "x", "origin": [8, 6.5, 3.25]},
			"faces": {
				"north": {"uv": [13, 9, 14, 7], "rotation": 180, "texture": "#0"},
				"east": {"uv": [13, 7, 14, 9], "texture": "#0"},
				"south": {"uv": [13, 7, 14, 9], "texture": "#0"},
				"west": {"uv": [13, 7, 14, 9], "texture": "#0"},
				"up": {"uv": [14, 7, 13, 8], "rotation": 180, "texture": "#0"},
				"down": {"uv": [13, 8, 14, 9], "texture": "#0"}
			}
		},
		{
			"name": "angel_armor_chestplate_10",
			"from": [0, 1.75, 2.75],
			"to": [1, 6.75, 3.75],
			"rotation": {"angle": 0, "axis": "x", "origin": [8, 6.5, 3.25]},
			"faces": {
				"north": {"uv": [0, 14, 1, 9], "rotation": 180, "texture": "#0"},
				"east": {"uv": [0, 9, 1, 14], "texture": "#0"},
				"south": {"uv": [0, 9, 1, 14], "texture": "#0"},
				"west": {"uv": [0, 9, 1, 14], "texture": "#0"},
				"up": {"uv": [1, 9, 0, 10], "rotation": 180, "texture": "#0"},
				"down": {"uv": [0, 13, 1, 14], "texture": "#0"}
			}
		},
		{
			"name": "angel_armor_chestplate_11",
			"from": [3, 1.75, 2.75],
			"to": [6, 6.75, 3.75],
			"rotation": {"angle": 0, "axis": "x", "origin": [8, 6.5, 3.25]},
			"faces": {
				"north": {"uv": [3, 14, 6, 9], "rotation": 180, "texture": "#0"},
				"east": {"uv": [5, 9, 6, 14], "texture": "#0"},
				"south": {"uv": [3, 9, 6, 14], "texture": "#0"},
				"west": {"uv": [3, 9, 4, 14], "texture": "#0"},
				"up": {"uv": [6, 9, 3, 10], "rotation": 180, "texture": "#0"},
				"down": {"uv": [3, 13, 6, 14], "texture": "#0"}
			}
		},
		{
			"name": "angel_armor_chestplate_12",
			"from": [15, 1.75, 2.75],
			"to": [16, 6.75, 3.75],
			"rotation": {"angle": 0, "axis": "x", "origin": [8, 6.5, 3.25]},
			"faces": {
				"north": {"uv": [15, 14, 16, 9], "rotation": 180, "texture": "#0"},
				"east": {"uv": [15, 9, 16, 14], "texture": "#0"},
				"south": {"uv": [15, 9, 16, 14], "texture": "#0"},
				"west": {"uv": [15, 9, 16, 14], "texture": "#0"},
				"up": {"uv": [16, 9, 15, 10], "rotation": 180, "texture": "#0"},
				"down": {"uv": [15, 13, 16, 14], "texture": "#0"}
			}
		},
		{
			"name": "angel_armor_chestplate_13",
			"from": [2, 0.75, 2.75],
			"to": [3, 5.75, 3.75],
			"rotation": {"angle": 0, "axis": "x", "origin": [8, 6.5, 3.25]},
			"faces": {
				"north": {"uv": [2, 15, 3, 10], "rotation": 180, "texture": "#0"},
				"east": {"uv": [2, 10, 3, 15], "texture": "#0"},
				"south": {"uv": [2, 10, 3, 15], "texture": "#0"},
				"west": {"uv": [2, 10, 3, 15], "texture": "#0"},
				"up": {"uv": [3, 10, 2, 11], "rotation": 180, "texture": "#0"},
				"down": {"uv": [2, 14, 3, 15], "texture": "#0"}
			}
		},
		{
			"name": "angel_armor_chestplate_14",
			"from": [13, 0.75, 2.75],
			"to": [14, 5.75, 3.75],
			"rotation": {"angle": 0, "axis": "x", "origin": [8, 6.5, 3.25]},
			"faces": {
				"north": {"uv": [13, 15, 14, 10], "rotation": 180, "texture": "#0"},
				"east": {"uv": [13, 10, 14, 15], "texture": "#0"},
				"south": {"uv": [13, 10, 14, 15], "texture": "#0"},
				"west": {"uv": [13, 10, 14, 15], "texture": "#0"},
				"up": {"uv": [14, 10, 13, 11], "rotation": 180, "texture": "#0"},
				"down": {"uv": [13, 14, 14, 15], "texture": "#0"}
			}
		},
		{
			"name": "angel_armor_chestplate_15",
			"from": [1, 0.75, 2.75],
			"to": [2, 4.75, 3.75],
			"rotation": {"angle": 0, "axis": "x", "origin": [8, 6.5, 3.25]},
			"faces": {
				"north": {"uv": [1, 15, 2, 11], "rotation": 180, "texture": "#0"},
				"east": {"uv": [1, 11, 2, 15], "texture": "#0"},
				"south": {"uv": [1, 11, 2, 15], "texture": "#0"},
				"west": {"uv": [1, 11, 2, 15], "texture": "#0"},
				"up": {"uv": [2, 11, 1, 12], "rotation": 180, "texture": "#0"},
				"down": {"uv": [1, 14, 2, 15], "texture": "#0"}
			}
		},
		{
			"name": "angel_armor_chestplate_16",
			"from": [14, 0.75, 2.75],
			"to": [15, 4.75, 3.75],
			"rotation": {"angle": 0, "axis": "x", "origin": [8, 6.5, 3.25]},
			"faces": {
				"north": {"uv": [14, 15, 15, 11], "rotation": 180, "texture": "#0"},
				"east": {"uv": [14, 11, 15, 15], "texture": "#0"},
				"south": {"uv": [14, 11, 15, 15], "texture": "#0"},
				"west": {"uv": [14, 11, 15, 15], "texture": "#0"},
				"up": {"uv": [15, 11, 14, 12], "rotation": 180, "texture": "#0"},
				"down": {"uv": [14, 14, 15, 15], "texture": "#0"}
			}
		},
		{
			"name": "angel_armor_chestplate_17",
			"from": [3, 0.75, 2.75],
			"to": [4, 1.75, 3.75],
			"rotation": {"angle": 0, "axis": "x", "origin": [8, 6.5, 3.25]},
			"faces": {
				"north": {"uv": [3, 15, 4, 14], "rotation": 180, "texture": "#0"},
				"east": {"uv": [3, 14, 4, 15], "texture": "#0"},
				"south": {"uv": [3, 14, 4, 15], "texture": "#0"},
				"west": {"uv": [3, 14, 4, 15], "texture": "#0"},
				"up": {"uv": [4, 14, 3, 15], "rotation": 180, "texture": "#0"},
				"down": {"uv": [3, 14, 4, 15], "texture": "#0"}
			}
		},
		{
			"name": "angel_armor_chestplate_18",
			"from": [5, 0.75, 2.75],
			"to": [6, 1.75, 3.75],
			"rotation": {"angle": 0, "axis": "x", "origin": [8, 6.5, 3.25]},
			"faces": {
				"north": {"uv": [5, 15, 6, 14], "rotation": 180, "texture": "#0"},
				"east": {"uv": [5, 14, 6, 15], "texture": "#0"},
				"south": {"uv": [5, 14, 6, 15], "texture": "#0"},
				"west": {"uv": [5, 14, 6, 15], "texture": "#0"},
				"up": {"uv": [6, 14, 5, 15], "rotation": 180, "texture": "#0"},
				"down": {"uv": [5, 14, 6, 15], "texture": "#0"}
			}
		},
		{
			"name": "angel_armor_chestplate_19",
			"from": [10, 0.75, 2.75],
			"to": [11, 1.75, 3.75],
			"rotation": {"angle": 0, "axis": "x", "origin": [8, 6.5, 3.25]},
			"faces": {
				"north": {"uv": [10, 15, 11, 14], "rotation": 180, "texture": "#0"},
				"east": {"uv": [10, 14, 11, 15], "texture": "#0"},
				"south": {"uv": [10, 14, 11, 15], "texture": "#0"},
				"west": {"uv": [10, 14, 11, 15], "texture": "#0"},
				"up": {"uv": [11, 14, 10, 15], "rotation": 180, "texture": "#0"},
				"down": {"uv": [10, 14, 11, 15], "texture": "#0"}
			}
		},
		{
			"name": "angel_armor_chestplate_20",
			"from": [12, 0.75, 2.75],
			"to": [13, 1.75, 3.75],
			"rotation": {"angle": 0, "axis": "x", "origin": [8, 6.5, 3.25]},
			"faces": {
				"north": {"uv": [12, 15, 13, 14], "rotation": 180, "texture": "#0"},
				"east": {"uv": [12, 14, 13, 15], "texture": "#0"},
				"south": {"uv": [12, 14, 13, 15], "texture": "#0"},
				"west": {"uv": [12, 14, 13, 15], "texture": "#0"},
				"up": {"uv": [13, 14, 12, 15], "rotation": 180, "texture": "#0"},
				"down": {"uv": [12, 14, 13, 15], "texture": "#0"}
			}
		}
	],
	"gui_light": "front",
	"display": {
		"thirdperson_righthand": {
			"translation": [0, 0, 1.5],
			"scale": [0.40039, 0.40039, 0.40039]
		},
		"thirdperson_lefthand": {
			"translation": [0, 0, 1.5],
			"scale": [0.40039, 0.40039, 0.40039]
		},
		"firstperson_righthand": {
			"translation": [7.75, -3, 0]
		},
		"firstperson_lefthand": {
			"translation": [7.75, -3, 0]
		},
		"ground": {
			"translation": [0, 2.25, 5],
			"scale": [0.67773, 0.67773, 0.67773]
		},
		"gui": {
			"scale": [0.80664, 0.80664, 0.80664]
		},
		"fixed": {
			"translation": [0, 0, 3.75]
		}
	},
	"groups": [
		{
			"name": "angel_armor_chestplate",
			"origin": [8, 8, 8],
			"color": 0,
			"children": [0, 1, 2, 3, 4, 5, 6, 7, 8, 9, 10, 11, 12, 13, 14, 15, 16, 17, 18, 19, 20]
		}
	]
}