{
	"credit": "Made with Blockbench",
	"texture_size": [64, 64],
	"gui_light": "front",
	"textures": {
		"0": "custom/clown_hat",
		"particle": "custom/clown_hat"
	},
	"elements": [
		{
			"from": [11.43333, 5.1, 7.03333],
			"to": [15.43333, 8.1, 11.03333],
			"shade": false,
			"rotation": {"angle": 0, "axis": "y", "origin": [13, 5.93333, 8.53333]},
			"faces": {
				"north": {"uv": [5.75, 2.25, 6.75, 3], "texture": "#0"},
				"east": {"uv": [5.75, 3, 6.75, 3.75], "texture": "#0"},
				"south": {"uv": [5.75, 3.75, 6.75, 4.5], "texture": "#0"},
				"west": {"uv": [5.75, 5.5, 6.75, 6.25], "texture": "#0"},
				"up": {"uv": [1, 5.5, 0, 4.5], "texture": "#0"},
				"down": {"uv": [2, 4.5, 1, 5.5], "texture": "#0"}
			}
		},
		{
			"from": [14.13333, 3.9, 7.83333],
			"to": [16.53333, 6.3, 10.23333],
			"shade": false,
			"rotation": {"angle": 0, "axis": "y", "origin": [13, 5.93333, 8.53333]},
			"faces": {
				"north": {"uv": [6.5, 7, 7, 7.5], "texture": "#0"},
				"east": {"uv": [7, 6.5, 7.5, 7], "texture": "#0"},
				"south": {"uv": [7, 7, 7.5, 7.5], "texture": "#0"},
				"west": {"uv": [0, 7.25, 0.5, 7.75], "texture": "#0"},
				"up": {"uv": [1, 7.75, 0.5, 7.25], "texture": "#0"},
				"down": {"uv": [1.5, 7.25, 1, 7.75], "texture": "#0"}
			}
		},
		{
			"from": [10.43333, 4.1, 6.53333],
			"to": [12.43333, 7.1, 11.53333],
			"shade": false,
			"rotation": {"angle": 0, "axis": "y", "origin": [13, 5.93333, 8.53333]},
			"faces": {
				"north": {"uv": [4.5, 7, 5, 7.75], "texture": "#0"},
				"east": {"uv": [2, 5.5, 3.25, 6.25], "texture": "#0"},
				"south": {"uv": [7, 4.5, 7.5, 5.25], "texture": "#0"},
				"west": {"uv": [3.25, 5.5, 4.5, 6.25], "texture": "#0"},
				"up": {"uv": [7.5, 1.25, 7, 0], "texture": "#0"},
				"down": {"uv": [2.5, 7, 2, 8.25], "texture": "#0"}
			}
		},
		{
			"from": [0.56667, 5.1, 7.03333],
			"to": [4.56667, 8.1, 11.03333],
			"rotation": {"angle": 0, "axis": "y", "origin": [3, 5.93333, 8.53333]},
			"faces": {
				"north": {"uv": [6, 4.5, 7, 5.25], "texture": "#0"},
				"east": {"uv": [2, 6.25, 3, 7], "texture": "#0"},
				"south": {"uv": [3, 6.25, 4, 7], "texture": "#0"},
				"west": {"uv": [4, 6.25, 5, 7], "texture": "#0"},
				"up": {"uv": [3, 5.5, 2, 4.5], "texture": "#0"},
				"down": {"uv": [4, 4.5, 3, 5.5], "texture": "#0"}
			}
		},
		{
			"from": [-0.53333, 3.9, 7.83333],
			"to": [1.86667, 6.3, 10.23333],
			"rotation": {"angle": 0, "axis": "y", "origin": [3, 5.93333, 8.53333]},
			"faces": {
				"north": {"uv": [1.5, 7.25, 2, 7.75], "texture": "#0"},
				"east": {"uv": [7.5, 0, 8, 0.5], "texture": "#0"},
				"south": {"uv": [7.5, 0.5, 8, 1], "texture": "#0"},
				"west": {"uv": [7.5, 4.5, 8, 5], "texture": "#0"},
				"up": {"uv": [6.5, 8, 6, 7.5], "texture": "#0"},
				"down": {"uv": [8, 6, 7.5, 6.5], "texture": "#0"}
			}
		},
		{
			"from": [3.56667, 4.1, 6.53333],
			"to": [5.56667, 7.1, 11.53333],
			"rotation": {"angle": 0, "axis": "y", "origin": [3, 5.93333, 8.53333]},
			"faces": {
				"north": {"uv": [5, 7, 5.5, 7.75], "texture": "#0"},
				"east": {"uv": [4.5, 5.5, 5.75, 6.25], "texture": "#0"},
				"south": {"uv": [5.5, 7, 6, 7.75], "texture": "#0"},
				"west": {"uv": [5.75, 0, 7, 0.75], "texture": "#0"},
				"up": {"uv": [3, 8.25, 2.5, 7], "texture": "#0"},
				"down": {"uv": [3.5, 7, 3, 8.25], "texture": "#0"}
			}
		},
		{
			"from": [6, 5.1, 12.5],
			"to": [10, 8.1, 16.5],
			"rotation": {"angle": 0, "axis": "y", "origin": [8, 5.93333, 13.7]},
			"faces": {
				"north": {"uv": [5, 6.25, 6, 7], "texture": "#0"},
				"east": {"uv": [6, 6.25, 7, 7], "texture": "#0"},
				"south": {"uv": [0, 6.5, 1, 7.25], "texture": "#0"},
				"west": {"uv": [1, 6.5, 2, 7.25], "texture": "#0"},
				"up": {"uv": [5, 5.5, 4, 4.5], "texture": "#0"},
				"down": {"uv": [6, 4.5, 5, 5.5], "texture": "#0"}
			}
		},
		{
			"from": [6.8, 3.9, 15.2],
			"to": [9.2, 6.3, 17.6],
			"rotation": {"angle": 0, "axis": "y", "origin": [8, 5.93333, 13.7]},
			"faces": {
				"north": {"uv": [6.5, 7.5, 7, 8], "texture": "#0"},
				"east": {"uv": [7.5, 6.5, 8, 7], "texture": "#0"},
				"south": {"uv": [7, 7.5, 7.5, 8], "texture": "#0"},
				"west": {"uv": [7.5, 7, 8, 7.5], "texture": "#0"},
				"up": {"uv": [8, 8, 7.5, 7.5], "texture": "#0"},
				"down": {"uv": [0.5, 7.75, 0, 8.25], "texture": "#0"}
			}
		},
		{
			"from": [6, 5.1, 1.5],
			"to": [10, 8.1, 5.5],
			"rotation": {"angle": 0, "axis": "y", "origin": [0, -26, 0]},
			"faces": {
				"north": {"uv": [6.75, 2.25, 7.75, 3], "texture": "#0"},
				"east": {"uv": [6.75, 3, 7.75, 3.75], "texture": "#0"},
				"south": {"uv": [6.75, 3.75, 7.75, 4.5], "texture": "#0"},
				"west": {"uv": [6.75, 5.25, 7.75, 6], "texture": "#0"},
				"up": {"uv": [1, 6.5, 0, 5.5], "texture": "#0"},
				"down": {"uv": [2, 5.5, 1, 6.5], "texture": "#0"}
			}
		},
		{
			"from": [6.8, 3.9, 0.4],
			"to": [9.2, 6.3, 2.8],
			"rotation": {"angle": 0, "axis": "y", "origin": [0, -26, 0]},
			"faces": {
				"north": {"uv": [0.5, 7.75, 1, 8.25], "texture": "#0"},
				"east": {"uv": [1, 7.75, 1.5, 8.25], "texture": "#0"},
				"south": {"uv": [7.75, 1, 8.25, 1.5], "texture": "#0"},
				"west": {"uv": [1.5, 7.75, 2, 8.25], "texture": "#0"},
				"up": {"uv": [8.25, 2, 7.75, 1.5], "texture": "#0"},
				"down": {"uv": [8.25, 2, 7.75, 2.5], "texture": "#0"}
			}
		},
		{
			"from": [5.5, 4.1, 4.5],
			"to": [10.5, 7.1, 13.5],
			"rotation": {"angle": 0, "axis": "y", "origin": [0, -26, 0]},
			"faces": {
				"north": {"uv": [5.75, 0.75, 7, 1.5], "texture": "#0"},
				"east": {"uv": [3.5, 0, 5.75, 0.75], "texture": "#0"},
				"south": {"uv": [5.75, 1.5, 7, 2.25], "texture": "#0"},
				"west": {"uv": [3.5, 0.75, 5.75, 1.5], "texture": "#0"},
				"up": {"uv": [3.5, 2.25, 2.25, 0], "texture": "#0"},
				"down": {"uv": [3.5, 2.25, 2.25, 4.5], "texture": "#0"}
			}
		},
		{
			"from": [3.5, 1.1, 4.5],
			"to": [12.5, 4.1, 13.5],
			"rotation": {"angle": 0, "axis": "y", "origin": [0, -26, 0]},
			"faces": {
				"north": {"uv": [3.5, 1.5, 5.75, 2.25], "texture": "#0"},
				"east": {"uv": [3.5, 2.25, 5.75, 3], "texture": "#0"},
				"south": {"uv": [3.5, 3, 5.75, 3.75], "texture": "#0"},
				"west": {"uv": [3.5, 3.75, 5.75, 4.5], "texture": "#0"},
				"up": {"uv": [2.25, 2.25, 0, 0], "texture": "#0"},
				"down": {"uv": [2.25, 2.25, 0, 4.5], "texture": "#0"}
			}
		},
		{
			"from": [7, -4, 3],
			"to": [9, -2, 6],
			"faces": {
				"north": {"uv": [6, 7, 6.5, 7.5], "texture": "#0"},
				"east": {"uv": [7, 1.25, 7.75, 1.75], "texture": "#0"},
				"south": {"uv": [7, 6, 7.5, 6.5], "texture": "#0"},
				"west": {"uv": [7, 1.75, 7.75, 2.25], "texture": "#0"},
				"up": {"uv": [4, 7.75, 3.5, 7], "texture": "#0"},
				"down": {"uv": [4.5, 7, 4, 7.75], "texture": "#0"}
			}
		}
	],
	"display": {
		"thirdperson_righthand": {
			"translation": [0, 2.25, 1],
			"scale": [0.55, 0.55, 0.55]
		},
		"thirdperson_lefthand": {
			"translation": [0, 2.25, 1],
			"scale": [0.55, 0.55, 0.55]
		},
		"ground": {
			"translation": [0, 2.75, 0],
			"scale": [0.5, 0.5, 0.5]
		},
		"gui": {
			"rotation": [1, -180, 0],
			"translation": [0, 4.75, 0],
			"scale": [0.85, 0.85, 0.85]
		},
		"head": {
			"translation": [0, 13.75, -1.75],
			"scale": [1.63, 1.63, 1.69]
		},
		"fixed": {
			"rotation": [-90, 0, 0],
			"translation": [0, -0.75, -6.75]
		}
	}
}