{
	"parent": "item/generated",
	"textures": {
		"layer0": "item/bow"
	},
	"display": {
		"thirdperson_righthand": {
			"rotation": [-80, 260, -40],
			"translation": [-1, -2, 2.5],
			"scale": [0.9, 0.9, 0.9]
		},
		"thirdperson_lefthand": {
			"rotation": [-80, -280, 40],
			"translation": [-1, -2, 2.5],
			"scale": [0.9, 0.9, 0.9]
		},
		"firstperson_righthand": {
			"rotation": [0, -90, 25],
			"translation": [1.13, 3.2, 1.13],
			"scale": [0.68, 0.68, 0.68]
		},
		"firstperson_lefthand": {
			"rotation": [0, 90, -25],
			"translation": [1.13, 3.2, 1.13],
			"scale": [0.68, 0.68, 0.68]
		}
	},
	"overrides": [{
			"predicate": {
				"pulling": 1
			},
			"model": "item/bow_pulling_0"
		}, {
			"predicate": {
				"pulling": 1,
				"pull": 0.65
			},
			"model": "item/bow_pulling_1"
		}, {
			"predicate": {
				"pulling": 1,
				"pull": 0.9
			},
			"model": "item/bow_pulling_2"
		},
		{
			"predicate": {
				"custom_model_data": 1
			},
			"model": "custom:sapphire/items/sapphire_bow"
		},
		{
			"predicate": {
				"custom_model_data": 1,
				"pulling": 1
			},
			"model": "custom:sapphire/items/sapphire_bow_pulling_0"
		},
		{
			"predicate": {
				"custom_model_data": 1,
				"pulling": 1,
				"pull": 0.65
			},
			"model": "custom:sapphire/items/sapphire_bow_pulling_1"
		},
		{
			"predicate": {
				"custom_model_data": 1,
				"pulling": 1,
				"pull": 0.9
			},
			"model": "custom:sapphire/items/sapphire_bow_pulling_2"
		},
		
		{
			"predicate": {
				"custom_model_data": 2
			},
			"model": "custom:protocal/bow"
		},
		{
			"predicate": {
				"custom_model_data": 2,
				"pulling": 1
			},
			"model": "custom:protocal/bow_0"
		},
		{
			"predicate": {
				"custom_model_data": 2,
				"pulling": 1,
				"pull": 0.65
			},
			"model": "custom:protocal/bow_1"
		},
		{
			"predicate": {
				"custom_model_data": 2,
				"pulling": 1,
				"pull": 0.9
			},
			"model": "custom:protocal/bow_2"
		},
		
		{
			"predicate": {
				"custom_model_data": 3
			},
			"model": "custom:easterbunny_weapon_set/bow"
		},
		{
			"predicate": {
				"custom_model_data": 3,
				"pulling": 1
			},
			"model": "custom:easterbunny_weapon_set/bow_0"
		},
		{
			"predicate": {
				"custom_model_data": 3,
				"pulling": 1,
				"pull": 0.65
			},
			"model": "custom:easterbunny_weapon_set/bow_1"
		},
		{
			"predicate": {
				"custom_model_data": 3,
				"pulling": 1,
				"pull": 0.9
			},
			"model": "custom:easterbunny_weapon_set/bow_2"
		},


		{
			"predicate": {
				"custom_model_data": 70
			},
			"model": "custom:clown/bows/clown_bow"
		}, {
			"predicate": {
				"pulling": 1,
				"custom_model_data": 70
			},
			"model": "custom:clown/bows/clown_bow_pulling_0"
		}, {
			"predicate": {
				"pulling": 1,
				"pull": 0.65,
				"custom_model_data": 70
			},
			"model": "custom:clown/bows/clown_bow_pulling_1"
		}, {
			"predicate": {
				"pulling": 1,
				"pull": 0.9,
				"custom_model_data": 70
			},
			"model": "custom:clown/bows/clown_bow_pulling_2"
		}, {
			"predicate": {
				"custom_model_data": 10000
			},
			"model": "haloween:bow"
		}, {
			"predicate": {
				"pulling": 1,
				"custom_model_data": 10000
			},
			"model": "haloween:bow_0"
		}, {
			"predicate": {
				"pulling": 1,
				"pull": 0.65,
				"custom_model_data": 10000
			},
			"model": "haloween:bow_1"
		}, {
			"predicate": {
				"pulling": 1,
				"pull": 0.9,
				"custom_model_data": 10000
			},
			"model": "haloween:bow_2"
		}, {
			"predicate": {
				"custom_model_data": 10000
			},
			"model": "custom:duck/bow"
		}, {
			"predicate": {
				"pulling": 1,
				"custom_model_data": 10000
			},
			"model": "custom:duck/bow_0"
		}, {
			"predicate": {
				"pulling": 1,
				"pull": 0.65,
				"custom_model_data": 10000
			},
			"model": "custom:duck/bow_1"
		}, {
			"predicate": {
				"pulling": 1,
				"pull": 0.9,
				"custom_model_data": 10000
			},
			"model": "custom:duck/bow_2"
		}, {
			"predicate": {
				"custom_model_data": 10002
			},
			"model": "custom:ender/ender_bow"
		}, {
			"predicate": {
				"pulling": 1,
				"custom_model_data": 10002
			},
			"model": "custom:ender/ender_bow_pulling_1"
		}, {
			"predicate": {
				"pulling": 1,
				"pull": 0.9,
				"custom_model_data": 10002
			},
			"model": "custom:ender/ender_bow_pulling_2"
		}, {
			"predicate": {
				"custom_model_data": 10003
			},
			"model": "minecraft:item/bow"
		}
	]
}