{
  "parent": "minecraft:item/handheld",
  "textures": {
    "layer0": "minecraft:item/netherite_pickaxe"
  },
	"overrides": [

    {
			"predicate": {
				"custom_model_data": 1
			},
			"model": "custom:protocal/pickaxe"
		},
		{ "predicate": { "custom_model_data": 2}, "model": "custom:easterbunny_weapon_set/pickaxe"},
{ "predicate": { "custom_model_data": 70}, "model": "custom:clown/clown_pickaxe" },
{ "predicate": { "custom_model_data": 10001}, "model": "custom:pride/pride_pickaxe" },
{ "predicate": { "custom_model_data": 10002}, "model": "custom:ender/ender_pickaxe" },
{ "predicate": { "custom_model_data": 30001}, "model": "custom:duck/pickaxe" },
{ "predicate": { "custom_model_data": 30002}, "model": "custom:duck/hammer" }
	]
}

