{
  "parent": "minecraft:item/handheld",
  "textures": {
    "layer0": "minecraft:item/netherite_axe"
  },
	"overrides": [

    {
			"predicate": {
				"custom_model_data": 1
			},
			"model": "custom:protocal/axe"
		},
    {
			"predicate": {
				"custom_model_data": 2
			},
			"model": "custom:protocal/hammer"
		},
    {
			"predicate": {
				"custom_model_data": 3
			},
			"model": "custom:protocal/scythe"
		},
    {
			"predicate": {
				"custom_model_data": 4
			},
			"model": "custom:protocal/staff"
		},
		{ "predicate": { "custom_model_data": 5}, "model": "custom:easterbunny_weapon_set/axe"},
		{ "predicate": { "custom_model_data": 6}, "model": "custom:easterbunny_weapon_set/gauntlet"},
		{ "predicate": { "custom_model_data": 7}, "model": "custom:easterbunny_weapon_set/hammer"},
		{ "predicate": { "custom_model_data": 8}, "model": "custom:easterbunny_weapon_set/mace"},
		{ "predicate": { "custom_model_data": 9}, "model": "custom:easterbunny_weapon_set/sickle"},
		{ "predicate": { "custom_model_data": 10}, "model": "custom:easterbunny_weapon_set/staff"},
{ "predicate": { "custom_model_data": 70}, "model": "custom:clown/clown_axe" },
{ "predicate": { "custom_model_data": 10002}, "model": "custom:ender/ender_axe" },
{ "predicate": { "custom_model_data": 30001}, "model": "custom:duck/axe" }
	]
}

