{
  "parent": "minecraft:item/handheld",
  "textures": {
    "layer0": "minecraft:item/netherite_hoe"
  },
	"overrides": [

    {
			"predicate": {
				"custom_model_data": 1
			},
			"model": "custom:protocal/hoe"
		},
		{ "predicate": { "custom_model_data": 2}, "model": "custom:easterbunny_weapon_set/hoe"},
{ "predicate": { "custom_model_data": 70}, "model": "custom:clown/clown_hoe" },
{ "predicate": { "custom_model_data": 10002}, "model": "custom:ender/ender_hoe" },
{ "predicate": { "custom_model_data": 30001}, "model": "custom:duck/hoe" }
	]
}

