{

    "sources":[
        {
            "type":"directory",
            "source":"clown",
            "prefix":"clown/"
        },
        {
            "type":"directory",
            "source":"duck",
            "prefix":"duck/"
        },
        {
            "type":"directory",
            "source":"ender",
            "prefix":"ender/"
        },
        {
            "type":"directory",
            "source":"pride",
            "prefix":"pride/"
        },
        {
            "type":"directory",
            "source":"saber",
            "prefix":"saber/"
        },
        {
            "type":"directory",
            "source":"sapphire",
            "prefix":"sapphire/"
        },
        {
            "type":"directory",
            "source":"halloween",
            "prefix":"halloween/"
        },
        {
            "type":"directory",
            "source":"enderkariz",
            "prefix":"enderkariz/"
        },
        {
            "type":"directory",
            "source":"font",
            "prefix":"font/"
        },
        {
            "type":"directory",
            "source":"icons",
            "prefix":"icons/"
        },
        {
            "type":"directory",
            "source":"gui",
            "prefix":"gui/"
        },
        {
            "type":"directory",
            "source":"gui",
            "prefix":"gui/"
        },
        {
            "type":"directory",
            "source":"esc_screen",
            "prefix":"esc_screen/"
        },
        {
            "type":"directory",
            "source":"item",
            "prefix":"item/"
        },
        {
            "type":"directory",
            "source":"easterbunny_weapon_set",
            "prefix":"easterbunny_weapon_set/"
        },
        {
            "type":"directory",
            "source":"misc",
            "prefix":"misc/"
        },
        {
            "type":"directory",
            "source":"models",
            "prefix":"models/"
        },
        {
            "type":"directory",
            "source":"protocal",
            "prefix":"protocal/"
        }
    ]
}