{
	"credit": "MadebyPolygonMC",
	"texture_size": [24, 24],
	"textures": {
		"1": "custom:duck/bow"
	},
	"elements": [{
		"from": [7.5, 10, 7.5],
		"to": [8.5, 11, 8.5],
		"rotation": {
			"angle": 0,
			"axis": "x",
			"origin": [8, 6.5, 8]
		},
		"faces": {
			"north": {
				"uv": [6, 10, 6.66667, 10.66667],
				"texture": "#1"
			},
			"east": {
				"uv": [1.33333, 11.33333, 2, 12],
				"texture": "#1"
			},
			"south": {
				"uv": [11.33333, 2.66667, 12, 3.33333],
				"texture": "#1"
			},
			"west": {
				"uv": [11.33333, 3.33333, 12, 4],
				"texture": "#1"
			},
			"up": {
				"uv": [12, 4.66667, 11.33333, 4],
				"texture": "#1"
			},
			"down": {
				"uv": [5.33333, 11.33333, 4.66667, 12],
				"texture": "#1"
			}
		}
	}, {
		"from": [7.6, 6, 7.6],
		"to": [8.4, 10, 8.4],
		"rotation": {
			"angle": 0,
			"axis": "x",
			"origin": [8, 6.5, 8]
		},
		"faces": {
			"north": {
				"uv": [6.66667, 8, 7.33333, 10.66667],
				"texture": "#1"
			},
			"east": {
				"uv": [2, 9.33333, 2.66667, 12],
				"texture": "#1"
			},
			"south": {
				"uv": [2.66667, 9.33333, 3.33333, 12],
				"texture": "#1"
			},
			"west": {
				"uv": [9.33333, 2.66667, 10, 5.33333],
				"texture": "#1"
			}
		}
	}, {
		"from": [6.78, 10.97, 6.1767],
		"to": [9.22, 13.41, 9.8367],
		"rotation": {
			"angle": 0,
			"axis": "x",
			"origin": [8, 12.825, 7.33321]
		},
		"faces": {
			"north": {
				"uv": [4.66667, 8, 6.33333, 9.66667],
				"texture": "#1"
			},
			"east": {
				"uv": [4.66667, 4, 7, 5.66667],
				"texture": "#1"
			},
			"south": {
				"uv": [0, 9.33333, 1.66667, 11],
				"texture": "#1"
			},
			"west": {
				"uv": [4.66667, 6, 7, 7.66667],
				"texture": "#1"
			},
			"up": {
				"uv": [9, 6.33333, 7.33333, 4],
				"texture": "#1"
			},
			"down": {
				"uv": [9, 6.66667, 7.33333, 9],
				"texture": "#1"
			}
		}
	}, {
		"from": [7.2192, 12.5292, 5.1025],
		"to": [8.7808, 14.3908, 7.1349],
		"rotation": {
			"angle": 0,
			"axis": "x",
			"origin": [8, 12.825, 7.33321]
		},
		"faces": {
			"north": {
				"uv": [9.33333, 6.66667, 10.33333, 8],
				"texture": "#1"
			},
			"east": {
				"uv": [3.33333, 9.33333, 4.66667, 10.66667],
				"texture": "#1"
			},
			"south": {
				"uv": [7.33333, 9.33333, 8.33333, 10.66667],
				"texture": "#1"
			},
			"west": {
				"uv": [9.33333, 5.33333, 10.66667, 6.66667],
				"texture": "#1"
			},
			"up": {
				"uv": [10.33333, 9.33333, 9.33333, 8],
				"texture": "#1"
			},
			"down": {
				"uv": [9.66667, 9.33333, 8.66667, 10.66667],
				"texture": "#1"
			}
		}
	}, {
		"from": [7.3412, 12.6207, 4.2241],
		"to": [8.6588, 13.2063, 5.1025],
		"rotation": {
			"angle": 0,
			"axis": "x",
			"origin": [8, 12.825, 7.33321]
		},
		"faces": {
			"north": {
				"uv": [3.33333, 12, 4.33333, 12.33333],
				"texture": "#1"
			},
			"east": {
				"uv": [12, 3.33333, 12.66667, 3.66667],
				"texture": "#1"
			},
			"west": {
				"uv": [12, 4, 12.66667, 4.33333],
				"texture": "#1"
			},
			"up": {
				"uv": [11.66667, 8.66667, 10.66667, 8],
				"texture": "#1"
			},
			"down": {
				"uv": [9.66667, 10.66667, 8.66667, 11.33333],
				"texture": "#1"
			}
		}
	}, {
		"from": [7.2192, 11.81955, 9.26224],
		"to": [8.7808, 12.64915, 10.69464],
		"rotation": {
			"angle": -22.5,
			"axis": "x",
			"origin": [8, 12.825, 7.33321]
		},
		"faces": {
			"east": {
				"uv": [10.66667, 8.66667, 11.66667, 9.33333],
				"texture": "#1"
			},
			"south": {
				"uv": [10, 10.66667, 11, 11.33333],
				"texture": "#1"
			},
			"west": {
				"uv": [0, 11.33333, 1, 12],
				"texture": "#1"
			},
			"up": {
				"uv": [11.66667, 2.33333, 10.66667, 1.33333],
				"texture": "#1"
			},
			"down": {
				"uv": [4.33333, 10.66667, 3.33333, 11.66667],
				"texture": "#1"
			}
		}
	}, {
		"from": [7.4, 14.98864, 10.65184],
		"to": [8.6, 16.18864, 11.85184],
		"rotation": {
			"angle": 0,
			"axis": "x",
			"origin": [8, 14.81082, 10.47403]
		},
		"faces": {
			"north": {
				"uv": [1.33333, 12, 2, 12.66667],
				"texture": "#1"
			},
			"east": {
				"uv": [12, 1.33333, 12.66667, 2],
				"texture": "#1"
			},
			"south": {
				"uv": [2, 12, 2.66667, 12.66667],
				"texture": "#1"
			},
			"west": {
				"uv": [12, 2, 12.66667, 2.66667],
				"texture": "#1"
			},
			"up": {
				"uv": [3.33333, 12.66667, 2.66667, 12],
				"texture": "#1"
			},
			"down": {
				"uv": [12.66667, 2.66667, 12, 3.33333],
				"texture": "#1"
			}
		}
	}, {
		"from": [7.5, 14.71082, 9.97403],
		"to": [8.5, 15.71082, 10.97403],
		"rotation": {
			"angle": 45,
			"axis": "x",
			"origin": [8, 14.81082, 10.47403]
		},
		"faces": {
			"north": {
				"uv": [11.33333, 10, 12, 10.66667],
				"texture": "#1"
			},
			"east": {
				"uv": [10.66667, 11.33333, 11.33333, 12],
				"texture": "#1"
			},
			"south": {
				"uv": [11.33333, 10.66667, 12, 11.33333],
				"texture": "#1"
			},
			"west": {
				"uv": [11.33333, 11.33333, 12, 12],
				"texture": "#1"
			},
			"up": {
				"uv": [0.66667, 12.66667, 0, 12],
				"texture": "#1"
			},
			"down": {
				"uv": [1.33333, 12, 0.66667, 12.66667],
				"texture": "#1"
			}
		}
	}, {
		"from": [7.5, 12.425, 8.85],
		"to": [8.5, 13.425, 9.85],
		"rotation": {
			"angle": 22.5,
			"axis": "x",
			"origin": [8, 14.025, 9.35]
		},
		"faces": {
			"north": {
				"uv": [11.33333, 6.66667, 12, 7.33333],
				"texture": "#1"
			},
			"east": {
				"uv": [11.33333, 7.33333, 12, 8],
				"texture": "#1"
			},
			"south": {
				"uv": [8.66667, 11.33333, 9.33333, 12],
				"texture": "#1"
			},
			"west": {
				"uv": [9.33333, 11.33333, 10, 12],
				"texture": "#1"
			},
			"up": {
				"uv": [12, 10, 11.33333, 9.33333],
				"texture": "#1"
			},
			"down": {
				"uv": [10.66667, 11.33333, 10, 12],
				"texture": "#1"
			}
		}
	}, {
		"from": [7.6, 12.71082, 10.07403],
		"to": [8.4, 14.71082, 10.87403],
		"rotation": {
			"angle": 45,
			"axis": "x",
			"origin": [8, 14.81082, 10.47403]
		},
		"faces": {
			"north": {
				"uv": [8.66667, 2.66667, 9.33333, 4],
				"texture": "#1"
			},
			"east": {
				"uv": [10.66667, 6.66667, 11.33333, 8],
				"texture": "#1"
			},
			"south": {
				"uv": [7.33333, 10.66667, 8, 12],
				"texture": "#1"
			},
			"west": {
				"uv": [8, 10.66667, 8.66667, 12],
				"texture": "#1"
			},
			"up": {
				"uv": [12, 5.33333, 11.33333, 4.66667],
				"texture": "#1"
			},
			"down": {
				"uv": [6, 11.33333, 5.33333, 12],
				"texture": "#1"
			}
		}
	}, {
		"from": [7.25, 10.425, 8.6],
		"to": [8.75, 12.425, 10.1],
		"rotation": {
			"angle": 22.5,
			"axis": "x",
			"origin": [8, 14.025, 9.35]
		},
		"faces": {
			"north": {
				"uv": [10, 2.66667, 11, 4],
				"texture": "#1"
			},
			"east": {
				"uv": [10, 4, 11, 5.33333],
				"texture": "#1"
			},
			"south": {
				"uv": [4.66667, 10, 5.66667, 11.33333],
				"texture": "#1"
			},
			"west": {
				"uv": [10, 9.33333, 11, 10.66667],
				"texture": "#1"
			},
			"up": {
				"uv": [11.66667, 6.33333, 10.66667, 5.33333],
				"texture": "#1"
			},
			"down": {
				"uv": [7, 10.66667, 6, 11.66667],
				"texture": "#1"
			}
		}
	}, {
		"from": [7.5, 5, 7.5],
		"to": [8.5, 6, 8.5],
		"rotation": {
			"angle": 0,
			"axis": "x",
			"origin": [8, 9.5, 8]
		},
		"faces": {
			"north": {
				"uv": [6, 10.66667, 6.66667, 10],
				"texture": "#1"
			},
			"east": {
				"uv": [1.33333, 12, 2, 11.33333],
				"texture": "#1"
			},
			"south": {
				"uv": [11.33333, 3.33333, 12, 2.66667],
				"texture": "#1"
			},
			"west": {
				"uv": [11.33333, 4, 12, 3.33333],
				"texture": "#1"
			},
			"up": {
				"uv": [5.33333, 12, 4.66667, 11.33333],
				"texture": "#1"
			},
			"down": {
				"uv": [12, 4, 11.33333, 4.66667],
				"texture": "#1"
			}
		}
	}, {
		"from": [7.25, 3.575, 8.6],
		"to": [8.75, 5.575, 10.1],
		"rotation": {
			"angle": -22.5,
			"axis": "x",
			"origin": [8, 1.975, 9.35]
		},
		"faces": {
			"north": {
				"uv": [10, 4, 11, 2.66667],
				"texture": "#1"
			},
			"east": {
				"uv": [10, 5.33333, 11, 4],
				"texture": "#1"
			},
			"south": {
				"uv": [4.66667, 11.33333, 5.66667, 10],
				"texture": "#1"
			},
			"west": {
				"uv": [10, 10.66667, 11, 9.33333],
				"texture": "#1"
			},
			"up": {
				"uv": [7, 11.66667, 6, 10.66667],
				"texture": "#1"
			},
			"down": {
				"uv": [11.66667, 5.33333, 10.66667, 6.33333],
				"texture": "#1"
			}
		}
	}, {
		"from": [7.6, 1.28918, 10.07403],
		"to": [8.4, 3.28918, 10.87403],
		"rotation": {
			"angle": -45,
			"axis": "x",
			"origin": [8, 1.18918, 10.47403]
		},
		"faces": {
			"north": {
				"uv": [8.66667, 4, 9.33333, 2.66667],
				"texture": "#1"
			},
			"east": {
				"uv": [10.66667, 8, 11.33333, 6.66667],
				"texture": "#1"
			},
			"south": {
				"uv": [7.33333, 12, 8, 10.66667],
				"texture": "#1"
			},
			"west": {
				"uv": [8, 12, 8.66667, 10.66667],
				"texture": "#1"
			},
			"up": {
				"uv": [6, 12, 5.33333, 11.33333],
				"texture": "#1"
			},
			"down": {
				"uv": [12, 4.66667, 11.33333, 5.33333],
				"texture": "#1"
			}
		}
	}, {
		"from": [7.5, 2.575, 8.85],
		"to": [8.5, 3.575, 9.85],
		"rotation": {
			"angle": -22.5,
			"axis": "x",
			"origin": [8, 1.975, 9.35]
		},
		"faces": {
			"north": {
				"uv": [11.33333, 7.33333, 12, 6.66667],
				"texture": "#1"
			},
			"east": {
				"uv": [11.33333, 8, 12, 7.33333],
				"texture": "#1"
			},
			"south": {
				"uv": [8.66667, 12, 9.33333, 11.33333],
				"texture": "#1"
			},
			"west": {
				"uv": [9.33333, 12, 10, 11.33333],
				"texture": "#1"
			},
			"up": {
				"uv": [10.66667, 12, 10, 11.33333],
				"texture": "#1"
			},
			"down": {
				"uv": [12, 9.33333, 11.33333, 10],
				"texture": "#1"
			}
		}
	}, {
		"from": [7.5, 0.28918, 9.97403],
		"to": [8.5, 1.28918, 10.97403],
		"rotation": {
			"angle": -45,
			"axis": "x",
			"origin": [8, 1.18918, 10.47403]
		},
		"faces": {
			"north": {
				"uv": [11.33333, 10.66667, 12, 10],
				"texture": "#1"
			},
			"east": {
				"uv": [10.66667, 12, 11.33333, 11.33333],
				"texture": "#1"
			},
			"south": {
				"uv": [11.33333, 11.33333, 12, 10.66667],
				"texture": "#1"
			},
			"west": {
				"uv": [11.33333, 12, 12, 11.33333],
				"texture": "#1"
			},
			"up": {
				"uv": [1.33333, 12.66667, 0.66667, 12],
				"texture": "#1"
			},
			"down": {
				"uv": [0.66667, 12, 0, 12.66667],
				"texture": "#1"
			}
		}
	}, {
		"from": [7.4, -0.18864, 10.65184],
		"to": [8.6, 1.01136, 11.85184],
		"rotation": {
			"angle": 0,
			"axis": "x",
			"origin": [8, 1.18918, 10.47403]
		},
		"faces": {
			"north": {
				"uv": [1.33333, 12.66667, 2, 12],
				"texture": "#1"
			},
			"east": {
				"uv": [12, 2, 12.66667, 1.33333],
				"texture": "#1"
			},
			"south": {
				"uv": [2, 12.66667, 2.66667, 12],
				"texture": "#1"
			},
			"west": {
				"uv": [12, 2.66667, 12.66667, 2],
				"texture": "#1"
			},
			"up": {
				"uv": [12.66667, 3.33333, 12, 2.66667],
				"texture": "#1"
			},
			"down": {
				"uv": [3.33333, 12, 2.66667, 12.66667],
				"texture": "#1"
			}
		}
	}, {
		"from": [8, 12.5, 8],
		"to": [8, 14.5, 14],
		"rotation": {
			"angle": -45,
			"axis": "x",
			"origin": [8, 12.5, 8]
		},
		"faces": {
			"north": {
				"uv": [0, 0, 0, 1.33333],
				"texture": "#1"
			},
			"east": {
				"uv": [8.66667, 2.66667, 4.66667, 4],
				"texture": "#1"
			},
			"south": {
				"uv": [0, 0, 0, 1.33333],
				"texture": "#1"
			},
			"west": {
				"uv": [4.66667, 2.66667, 8.66667, 4],
				"texture": "#1"
			},
			"up": {
				"uv": [0, 4, 0, 0],
				"texture": "#1"
			},
			"down": {
				"uv": [0, 0, 0, 4],
				"texture": "#1"
			}
		}
	}, {
		"from": [8, 1.5, 5],
		"to": [8, 3.5, 14],
		"rotation": {
			"angle": 45,
			"axis": "x",
			"origin": [8, 3.5, 8]
		},
		"faces": {
			"north": {
				"uv": [0, 0, 0, 1.33333],
				"texture": "#1"
			},
			"east": {
				"uv": [10.66667, 1.33333, 4.66667, 2.66667],
				"texture": "#1"
			},
			"south": {
				"uv": [0, 0, 0, 1.33333],
				"texture": "#1"
			},
			"west": {
				"uv": [4.66667, 1.33333, 10.66667, 2.66667],
				"texture": "#1"
			},
			"up": {
				"uv": [0, 6, 0, 0],
				"texture": "#1"
			},
			"down": {
				"uv": [0, 0, 0, 6],
				"texture": "#1"
			}
		}
	}, {
		"from": [8, 1, 11.3],
		"to": [8, 15, 18.3],
		"rotation": {
			"angle": 0,
			"axis": "y",
			"origin": [8, 0, 11.3]
		},
		"faces": {
			"north": {
				"uv": [0, 0, 0, 9.33333],
				"texture": "#1"
			},
			"east": {
				"uv": [4.66667, 0, 0, 9.33333],
				"texture": "#1"
			},
			"south": {
				"uv": [0, 0, 0, 9.33333],
				"texture": "#1"
			},
			"west": {
				"uv": [0, 0, 4.66667, 9.33333],
				"texture": "#1"
			},
			"up": {
				"uv": [0, 4.66667, 0, 0],
				"texture": "#1"
			},
			"down": {
				"uv": [0, 0, 0, 4.66667],
				"texture": "#1"
			}
		}
	}],
	"gui_light": "front",
	"display": {
		"thirdperson_righthand": {
			"translation": [0, -2, 0.75]
		},
		"thirdperson_lefthand": {
			"translation": [0, -2, 0.75]
		},
		"firstperson_righthand": {
			"translation": [-2.5, 5.5, 2]
		},
		"firstperson_lefthand": {
			"translation": [-2.5, 5.5, 2]
		},
		"ground": {
			"rotation": [40, 0, 0],
			"translation": [0, 7.5, 0]
		},
		"gui": {
			"rotation": [90, -45, 90],
			"translation": [2, 2, -1],
			"scale": [1.03516, 1.03516, 1.03516]
		},
		"head": {
			"scale": [0, 0, 0]
		},
		"fixed": {
			"rotation": [90, -45, 90],
			"translation": [1.75, 1.75, -1],
			"scale": [1.13477, 1.13477, 1.13477]
		}
	}
}