{"credit":"MadebyPolygonMC","texture_size":[32,32],"textures":{"0":"custom:duck/littleduck","particle":"custom:duck/littleduck"},"elements":[{"from":[4,3.75,4.96173],"to":[12,8.75,13.96173],"rotation":{"angle":0,"axis":"y","origin":[4,3.75,1.96173]},"faces":{"north":{"uv":[0,7,4,9.5],"texture":"#0"},"east":{"uv":[0,4.5,4.5,7],"texture":"#0"},"south":{"uv":[4,7,8,9.5],"texture":"#0"},"west":{"uv":[4.5,4.5,9,7],"texture":"#0"},"up":{"uv":[4,4.5,0,0],"texture":"#0"},"down":{"uv":[8,0,4,4.5],"texture":"#0"}}},{"from":[6,7.75,2.96173],"to":[10,11.75,7.96173],"rotation":{"angle":0,"axis":"y","origin":[6,3.75,1.96173]},"faces":{"north":{"uv":[0,9.5,2,11.5],"texture":"#0"},"east":{"uv":[8,0,10.5,2],"texture":"#0"},"south":{"uv":[2,9.5,4,11.5],"texture":"#0"},"west":{"uv":[8,2,10.5,4],"texture":"#0"},"up":{"uv":[10,9.5,8,7],"texture":"#0"},"down":{"uv":[11,4,9,6.5],"texture":"#0"}}},{"from":[6.25,8,0.96173],"to":[9.75,9.5,2.96173],"rotation":{"angle":0,"axis":"y","origin":[6,3.75,1.96173]},"faces":{"north":{"uv":[10.5,0,12.25,0.75],"texture":"#0"},"east":{"uv":[10.5,1,11.5,1.75],"texture":"#0"},"west":{"uv":[10.5,2,11.5,2.75],"texture":"#0"},"up":{"uv":[11.75,9.5,10,8.5],"texture":"#0"},"down":{"uv":[11.75,9.5,10,10.5],"texture":"#0"}}},{"from":[6,7.55,11.96173],"to":[10,9.55,15.96173],"rotation":{"angle":-22.5,"axis":"x","origin":[8,8.75,13.96173]},"faces":{"east":{"uv":[8,9.5,10,10.5],"texture":"#0"},"south":{"uv":[10,6.5,12,7.5],"texture":"#0"},"west":{"uv":[10,7.5,12,8.5],"texture":"#0"},"up":{"uv":[6,11.5,4,9.5],"texture":"#0"},"down":{"uv":[8,9.5,6,11.5],"texture":"#0"}}}],"gui_light":"front","display":{"thirdperson_righthand":{"rotation":[66.75,0,0],"translation":[-5.5,-0.75,5],"scale":[1.53906,1.53906,1.53906]},"thirdperson_lefthand":{"rotation":[66.75,0,0],"translation":[0.5,-0.5,12.75],"scale":[0.53515,0.53515,0.53515]},"firstperson_righthand":{"translation":[-2,4.75,3.75]},"firstperson_lefthand":{"translation":[-2,4.75,3.75],"scale":[0,0,0]},"ground":{"translation":[0,4.5,0]},"gui":{"rotation":[0,135,0],"translation":[-0.5,0,0],"scale":[1.32227,1.32227,1.32227]},"head":{"translation":[0,12.25,-1.5],"scale":[1.41992,1.41992,1.41992]},"fixed":{"rotation":[-90,0,0],"translation":[0,-3.25,-9.75],"scale":[2.2168,2.2168,2.2168]}}}