{"credit":"MadebyPolygonMC","texture_size":[24,24],"textures":{"2":"custom:duck/pickaxe","particle":"custom:duck/pickaxe"},"elements":[{"from":[7.4,-0.1,7.4],"to":[8.6,1.1,8.6],"rotation":{"angle":-45,"axis":"x","origin":[8,0.5,8]},"faces":{"north":{"uv":[3.33333,8,4,8.66667],"texture":"#2"},"east":{"uv":[10,3.33333,10.66667,4],"texture":"#2"},"south":{"uv":[10,4,10.66667,4.66667],"texture":"#2"},"west":{"uv":[10,4.66667,10.66667,5.33333],"texture":"#2"},"up":{"uv":[10.66667,6,10,5.33333],"texture":"#2"},"down":{"uv":[10.66667,6,10,6.66667],"texture":"#2"}}},{"from":[7.5,0.7,7.5],"to":[8.5,1.7,8.5],"rotation":{"angle":0,"axis":"x","origin":[8,1.2,8]},"faces":{"north":{"uv":[7.33333,10,8,10.66667],"texture":"#2"},"east":{"uv":[8,10,8.66667,10.66667],"texture":"#2"},"south":{"uv":[10,8,10.66667,8.66667],"texture":"#2"},"west":{"uv":[8.66667,10,9.33333,10.66667],"texture":"#2"},"up":{"uv":[10.66667,9.33333,10,8.66667],"texture":"#2"},"down":{"uv":[10,10,9.33333,10.66667],"texture":"#2"}}},{"from":[7.5,3.7,7.5],"to":[8.5,4.7,8.5],"rotation":{"angle":0,"axis":"x","origin":[8,4.2,8]},"faces":{"north":{"uv":[10,9.33333,10.66667,10],"texture":"#2"},"east":{"uv":[10,10,10.66667,10.66667],"texture":"#2"},"south":{"uv":[0,10.66667,0.66667,11.33333],"texture":"#2"},"west":{"uv":[10.66667,0,11.33333,0.66667],"texture":"#2"},"up":{"uv":[1.33333,11.33333,0.66667,10.66667],"texture":"#2"},"down":{"uv":[11.33333,0.66667,10.66667,1.33333],"texture":"#2"}}},{"from":[7.5,10.7,7.5],"to":[8.5,11.7,8.5],"rotation":{"angle":0,"axis":"x","origin":[8,11.2,8]},"faces":{"north":{"uv":[1.33333,10.66667,2,11.33333],"texture":"#2"},"east":{"uv":[10.66667,1.33333,11.33333,2],"texture":"#2"},"south":{"uv":[10.66667,2,11.33333,2.66667],"texture":"#2"},"west":{"uv":[10.66667,2.66667,11.33333,3.33333],"texture":"#2"},"up":{"uv":[4,11.33333,3.33333,10.66667],"texture":"#2"},"down":{"uv":[11.33333,3.33333,10.66667,4],"texture":"#2"}}},{"from":[7.6,1.7,7.6],"to":[8.4,3.7,8.4],"rotation":{"angle":0,"axis":"x","origin":[8,2.2,8]},"faces":{"north":{"uv":[9.33333,4,10,5.33333],"texture":"#2"},"east":{"uv":[4.66667,9.33333,5.33333,10.66667],"texture":"#2"},"south":{"uv":[6,9.33333,6.66667,10.66667],"texture":"#2"},"west":{"uv":[6.66667,9.33333,7.33333,10.66667],"texture":"#2"},"up":{"uv":[4.66667,11.33333,4,10.66667],"texture":"#2"},"down":{"uv":[11.33333,4,10.66667,4.66667],"texture":"#2"}}},{"from":[6.78,11.67,6.2767],"to":[9.22,14.11,9.9367],"rotation":{"angle":0,"axis":"y","origin":[-2.37,1.91,-2.2633]},"faces":{"north":{"uv":[2,6,3.66667,7.66667],"texture":"#2"},"east":{"uv":[5.33333,0,7.66667,1.66667],"texture":"#2"},"south":{"uv":[4,6.66667,5.66667,8.33333],"texture":"#2"},"west":{"uv":[5.33333,2,7.66667,3.66667],"texture":"#2"},"up":{"uv":[7,6.33333,5.33333,4],"texture":"#2"},"down":{"uv":[1.66667,6,0,8.33333],"texture":"#2"}}},{"from":[7.2192,13.2292,5.2025],"to":[8.7808,15.0908,7.2349],"rotation":{"angle":0,"axis":"y","origin":[1.3632,6.9828,-1.6539]},"faces":{"north":{"uv":[6,8,7,9.33333],"texture":"#2"},"east":{"uv":[7.33333,5.33333,8.66667,6.66667],"texture":"#2"},"south":{"uv":[8,6.66667,9,8],"texture":"#2"},"west":{"uv":[8,2,9.33333,3.33333],"texture":"#2"},"up":{"uv":[8.33333,9.33333,7.33333,8],"texture":"#2"},"down":{"uv":[1,8.66667,0,10],"texture":"#2"}}},{"from":[7.3412,13.3207,4.3241],"to":[8.6588,13.9063,5.2025],"rotation":{"angle":0,"axis":"y","origin":[1.3632,6.9523,-3.3863]},"faces":{"north":{"uv":[5.33333,10.66667,6.33333,11],"texture":"#2"},"east":{"uv":[10.66667,5.33333,11.33333,5.66667],"texture":"#2"},"west":{"uv":[10.66667,6,11.33333,6.33333],"texture":"#2"},"up":{"uv":[5,6.66667,4,6],"texture":"#2"},"down":{"uv":[10.33333,2.66667,9.33333,3.33333],"texture":"#2"}}},{"from":[7.2192,13.6342,9.3755],"to":[8.7808,14.4638,10.8079],"rotation":{"angle":-22.5,"axis":"x","origin":[8,14.049,10.2417]},"faces":{"east":{"uv":[9.33333,6.66667,10.33333,7.33333],"texture":"#2"},"south":{"uv":[7.33333,9.33333,8.33333,10],"texture":"#2"},"west":{"uv":[9.33333,7.33333,10.33333,8],"texture":"#2"},"up":{"uv":[9.66667,6.33333,8.66667,5.33333],"texture":"#2"},"down":{"uv":[9.66667,8,8.66667,9],"texture":"#2"}}},{"from":[7.25,4.7,7.25],"to":[8.75,10.7,8.75],"rotation":{"angle":0,"axis":"y","origin":[6,1.4,6]},"faces":{"north":{"uv":[0,2,1,6],"texture":"#2"},"east":{"uv":[1.33333,2,2.33333,6],"texture":"#2"},"south":{"uv":[2.66667,2,3.66667,6],"texture":"#2"},"west":{"uv":[4,2,5,6],"texture":"#2"},"up":{"uv":[10.33333,1,9.33333,0],"texture":"#2"},"down":{"uv":[10.33333,1.33333,9.33333,2.33333],"texture":"#2"}}},{"from":[7.25,11.75,3.35],"to":[8.75,13.25,6.35],"rotation":{"angle":0,"axis":"y","origin":[7.5,12,7.35]},"faces":{"north":{"uv":[3.33333,9.33333,4.33333,10.33333],"texture":"#2"},"east":{"uv":[6,6.66667,8,7.66667],"texture":"#2"},"west":{"uv":[7.33333,4,9.33333,5],"texture":"#2"},"up":{"uv":[9,2,8,0],"texture":"#2"},"down":{"uv":[3,8,2,10],"texture":"#2"}}},{"from":[7.3928,11.4486,0.84877],"to":[8.6072,12.663,3.57757],"rotation":{"angle":-22.5,"axis":"x","origin":[8,12.4698,2.17117]},"faces":{"north":{"uv":[4.66667,10.66667,5.33333,11.33333],"texture":"#2"},"east":{"uv":[8,3.33333,9.66667,4],"texture":"#2"},"west":{"uv":[3.33333,8.66667,5,9.33333],"texture":"#2"},"up":{"uv":[2,10.33333,1.33333,8.66667],"texture":"#2"},"down":{"uv":[6,8.66667,5.33333,10.33333],"texture":"#2"}}},{"from":[7.56282,10.55662,-0.0679],"to":[8.43718,11.43099,1.38084],"rotation":{"angle":-45,"axis":"x","origin":[8,11.2108,0.48147]},"faces":{"north":{"uv":[10.66667,4.66667,11.33333,5.33333],"texture":"#2"},"east":{"uv":[8.66667,9.33333,9.66667,10],"texture":"#2"},"west":{"uv":[0,10,1,10.66667],"texture":"#2"},"up":{"uv":[2.66667,11,2,10],"texture":"#2"},"down":{"uv":[3.33333,10,2.66667,11],"texture":"#2"}}},{"from":[8,8.975,-1],"to":[8,11.975,7],"rotation":{"angle":0,"axis":"y","origin":[8,0,0]},"faces":{"north":{"uv":[0,0,0,2],"texture":"#2"},"east":{"uv":[5.33333,0,0,2],"texture":"#2"},"south":{"uv":[0,0,0,2],"texture":"#2"},"west":{"uv":[0,0,5.33333,2],"texture":"#2"},"up":{"uv":[0,5.33333,0,0],"texture":"#2"},"down":{"uv":[0,0,0,5.33333],"texture":"#2"}}},{"from":[7.25,11.75,9.65],"to":[8.75,13.25,12.65],"rotation":{"angle":0,"axis":"y","origin":[7.5,12,8.65]},"faces":{"east":{"uv":[8,6.66667,6,7.66667],"texture":"#2"},"south":{"uv":[4.33333,9.33333,3.33333,10.33333],"texture":"#2"},"west":{"uv":[9.33333,4,7.33333,5],"texture":"#2"},"up":{"uv":[9,0,8,2],"texture":"#2"},"down":{"uv":[3,10,2,8],"texture":"#2"}}},{"from":[7.3928,11.4486,12.42243],"to":[8.6072,12.663,15.15123],"rotation":{"angle":22.5,"axis":"x","origin":[8,12.4698,13.82883]},"faces":{"east":{"uv":[9.66667,3.33333,8,4],"texture":"#2"},"south":{"uv":[5.33333,10.66667,4.66667,11.33333],"texture":"#2"},"west":{"uv":[5,8.66667,3.33333,9.33333],"texture":"#2"},"up":{"uv":[2,8.66667,1.33333,10.33333],"texture":"#2"},"down":{"uv":[6,10.33333,5.33333,8.66667],"texture":"#2"}}},{"from":[7.56282,10.55662,14.61916],"to":[8.43718,11.43099,16.0679],"rotation":{"angle":45,"axis":"x","origin":[8,11.2108,15.51853]},"faces":{"east":{"uv":[9.66667,9.33333,8.66667,10],"texture":"#2"},"south":{"uv":[11.33333,4.66667,10.66667,5.33333],"texture":"#2"},"west":{"uv":[1,10,0,10.66667],"texture":"#2"},"up":{"uv":[2.66667,10,2,11],"texture":"#2"},"down":{"uv":[3.33333,11,2.66667,10],"texture":"#2"}}},{"from":[8,8.975,9],"to":[8,11.975,17],"rotation":{"angle":0,"axis":"y","origin":[8,0,16]},"faces":{"north":{"uv":[0,0,0,2],"texture":"#2"},"east":{"uv":[0,0,5.33333,2],"texture":"#2"},"south":{"uv":[0,0,0,2],"texture":"#2"},"west":{"uv":[5.33333,0,0,2],"texture":"#2"},"up":{"uv":[0,0,0,5.33333],"texture":"#2"},"down":{"uv":[0,5.33333,0,0],"texture":"#2"}}}],"gui_light":"front","display":{"thirdperson_righthand":{"translation":[0,3,1.5]},"thirdperson_lefthand":{"translation":[0,3,1.5]},"firstperson_righthand":{"translation":[-2.5,5.75,3]},"firstperson_lefthand":{"translation":[-2.5,5.75,3]},"ground":{"translation":[0,7.5,0]},"gui":{"rotation":[90,-135,90],"translation":[-1,-1,-1],"scale":[1.16211,1.16211,1.16211]},"head":{"scale":[0,0,0]},"fixed":{"rotation":[90,-135,90],"translation":[-1.25,-1.25,-1],"scale":[1.25,1.25,1.25]}}}